# kind	path	size	ROM location (MIO0 block offset and offset in it, or file offset)
texture	actors/amp/amp_body.rgba16.inc.c	2048	[1912288, 6936]
texture	actors/amp/amp_electricity.rgba16.inc.c	1024	[1912288, 3864]
texture	actors/amp/amp_eyes.rgba16.inc.c	2048	[1912288, 4888]
texture	actors/amp/amp_mouth.rgba16.inc.c	2048	[1912288, 8984]
texture	actors/blue_coin_switch/blue_coin_switch_side.rgba16.inc.c	1024	[1912288, 24]
texture	actors/blue_coin_switch/blue_coin_switch_top.rgba16.inc.c	2048	[1912288, 1048]
texture	actors/blue_fish/blue_fish.rgba16.inc.c	2048	[1974256, 112096]
texture	actors/bobomb/bob-omb_buddy_left_side.rgba16.inc.c	4096	[1136896, 120]
texture	actors/bobomb/bob-omb_buddy_right_side.rgba16.inc.c	4096	[1136896, 4216]
texture	actors/bobomb/bob-omb_eyes.rgba16.inc.c	2048	[1136896, 18552]
texture	actors/bobomb/bob-omb_eyes_blink.rgba16.inc.c	2048	[1136896, 20600]
texture	actors/bobomb/bob-omb_left_side.rgba16.inc.c	4096	[1912288, 121440]
texture	actors/bobomb/bob-omb_right_side.rgba16.inc.c	4096	[1912288, 125536]
texture	actors/bomb/bomb_left_side.rgba16.inc.c	4096	[1478688, 359440]
texture	actors/bomb/bomb_right_side.rgba16.inc.c	4096	[1478688, 363536]
texture	actors/bomb/bomb_spike.rgba16.inc.c	2048	[1478688, 367632]
texture	actors/boo/boo_eyes.rgba16.inc.c	4096	[1341504, 39744]
texture	actors/boo/boo_mouth.rgba16.inc.c	2048	[1341504, 43840]
texture	actors/boo_castle/bbh_boo_eyes.rgba16.inc.c	4096	[1341504, 39744]
texture	actors/boo_castle/bbh_boo_mouth.rgba16.inc.c	2048	[1341504, 43840]
texture	actors/book/book_cover.rgba16.inc.c	2048	[1341504, 4192]
texture	actors/bookend/bookend_cover.rgba16.inc.c	2048	[1341504, 4192]
texture	actors/bookend/bookend_mouth.rgba16.inc.c	1024	[1341504, 2144]
texture	actors/bookend/bookend_pages.rgba16.inc.c	1024	[1341504, 3168]
texture	actors/bookend/bookend_spine.rgba16.inc.c	1024	[1341504, 96]
texture	actors/bookend/bookend_tooth.rgba16.inc.c	1024	[1341504, 1120]
texture	actors/bowser/bowser_armband.rgba16.inc.c	2048	[1478688, 146488]
texture	actors/bowser/bowser_armband_spike.rgba16.inc.c	4096	[1478688, 142392]
texture	actors/bowser/bowser_blue_eye_unused.rgba16.inc.c	4096	[1478688, 156728]
texture	actors/bowser/bowser_body.rgba16.inc.c	2048	[1478688, 140344]
texture	actors/bowser/bowser_chest.rgba16.inc.c	2048	[1478688, 152632]
texture	actors/bowser/bowser_claw_edge.rgba16.inc.c	4096	[1478688, 171064]
texture	actors/bowser/bowser_claw_horn_angle.rgba16.inc.c	4096	[1478688, 179256]
texture	actors/bowser/bowser_claw_horn_tooth.rgba16.inc.c	4096	[1478688, 175160]
texture	actors/bowser/bowser_eye_center_0.rgba16.inc.c	4096	[1478688, 195640]
texture	actors/bowser/bowser_eye_center_1.rgba16.inc.c	4096	[1478688, 195640]
texture	actors/bowser/bowser_eye_closed_0.rgba16.inc.c	4096	[1478688, 191544]
texture	actors/bowser/bowser_eye_closed_1.rgba16.inc.c	4096	[1478688, 191544]
texture	actors/bowser/bowser_eye_far_left_0.rgba16.inc.c	4096	[1478688, 203832]
texture	actors/bowser/bowser_eye_far_left_1.rgba16.inc.c	4096	[1478688, 203832]
texture	actors/bowser/bowser_eye_half_closed_0.rgba16.inc.c	4096	[1478688, 187448]
texture	actors/bowser/bowser_eye_half_closed_1.rgba16.inc.c	4096	[1478688, 187448]
texture	actors/bowser/bowser_eye_left_0.rgba16.inc.c	4096	[1478688, 183352]
texture	actors/bowser/bowser_eye_left_1.rgba16.inc.c	4096	[1478688, 183352]
texture	actors/bowser/bowser_eye_right_0.rgba16.inc.c	4096	[1478688, 199736]
texture	actors/bowser/bowser_eye_right_1.rgba16.inc.c	4096	[1478688, 199736]
texture	actors/bowser/bowser_eyebrow.rgba16.inc.c	4096	[1478688, 130104]
texture	actors/bowser/bowser_hair.rgba16.inc.c	4096	[1478688, 166968]
texture	actors/bowser/bowser_mouth_unused.rgba16.inc.c	4096	[1478688, 160824]
texture	actors/bowser/bowser_muzzle.rgba16.inc.c	2048	[1478688, 134200]
texture	actors/bowser/bowser_nostrils.rgba16.inc.c	4096	[1478688, 136248]
texture	actors/bowser/bowser_shell.rgba16.inc.c	2048	[1478688, 128056]
texture	actors/bowser/bowser_shell_edge.rgba16.inc.c	2048	[1478688, 154680]
texture	actors/bowser/bowser_tongue.rgba16.inc.c	4096	[1478688, 148536]
texture	actors/bowser/bowser_upper_face.rgba16.inc.c	2048	[1478688, 164920]
texture	actors/bowser_flame/bowser_flame_0.rgba16.inc.c	8192	[1478688, 0]
texture	actors/bowser_flame/bowser_flame_1.rgba16.inc.c	8192	[1478688, 8192]
texture	actors/bowser_flame/bowser_flame_10.rgba16.inc.c	8192	[1478688, 81920]
texture	actors/bowser_flame/bowser_flame_11.rgba16.inc.c	8192	[1478688, 90112]
texture	actors/bowser_flame/bowser_flame_12.rgba16.inc.c	8192	[1478688, 98304]
texture	actors/bowser_flame/bowser_flame_13.rgba16.inc.c	8192	[1478688, 106496]
texture	actors/bowser_flame/bowser_flame_2.rgba16.inc.c	8192	[1478688, 16384]
texture	actors/bowser_flame/bowser_flame_3.rgba16.inc.c	8192	[1478688, 24576]
texture	actors/bowser_flame/bowser_flame_4.rgba16.inc.c	8192	[1478688, 32768]
texture	actors/bowser_flame/bowser_flame_5.rgba16.inc.c	8192	[1478688, 40960]
texture	actors/bowser_flame/bowser_flame_6.rgba16.inc.c	8192	[1478688, 49152]
texture	actors/bowser_flame/bowser_flame_7.rgba16.inc.c	8192	[1478688, 57344]
texture	actors/bowser_flame/bowser_flame_8.rgba16.inc.c	8192	[1478688, 65536]
texture	actors/bowser_flame/bowser_flame_9.rgba16.inc.c	8192	[1478688, 73728]
texture	actors/breakable_box/cork_box_surface.rgba16.inc.c	2048	[1912288, 74384]
texture	actors/breakable_box/crazy_box_surface.rgba16.inc.c	2048	[1912288, 72336]
texture	actors/bub/bub_eye_border.rgba16.inc.c	2048	[1447824, 5128]
texture	actors/bub/bub_eyes.rgba16.inc.c	4096	[1447824, 1032]
texture	actors/bub/bub_fins.rgba16.inc.c	2048	[1447824, 7176]
texture	actors/bub/bub_scales.rgba16.inc.c	4096	[1447824, 9224]
texture	actors/bubba/bubba_eye_border.rgba16.inc.c	2048	[1447824, 5128]
texture	actors/bubba/bubba_eyes_unused.rgba16.inc.c	4096	[1447824, 1032]
texture	actors/bubba/bubba_fins.rgba16.inc.c	2048	[1447824, 7176]
texture	actors/bubba/bubba_scales.rgba16.inc.c	8192	[1447824, 9224]
texture	actors/bubba/bubba_sunglasses.rgba16.inc.c	1024	[1447824, 8]
texture	actors/bubble/bubble.rgba16.inc.c	2048	[1004336, 118112]
texture	actors/bubble/mr_i_bubble.rgba16.inc.c	2048	[1004336, 120160]
texture	actors/bullet_bill/bullet_bill_eye.rgba16.inc.c	4096	[1094592, 47784]
texture	actors/bullet_bill/bullet_bill_mouth.rgba16.inc.c	4096	[1094592, 51880]
texture	actors/bully/bully_eye.rgba16.inc.c	2048	[1128512, 9320]
texture	actors/bully/bully_horn.rgba16.inc.c	512	[1128512, 224]
texture	actors/bully/bully_left_side.rgba16.inc.c	4096	[1128512, 1128]
texture	actors/bully/bully_right_side.rgba16.inc.c	4096	[1128512, 5224]
texture	actors/burn_smoke/burn_smoke.ia16.inc.c	2048	[1004336, 137216]
texture	actors/butterfly/butterfly_wing.rgba16.inc.c	4096	[1974256, 17320]
texture	actors/cannon_barrel/cannon_barrel.rgba16.inc.c	2048	[1912288, 22696]
texture	actors/cannon_base/cannon_base.rgba16.inc.c	2048	[1912288, 18872]
texture	actors/cannon_lid/cannon_lid.rgba16.inc.c	2048	[1912288, 16472]
texture	actors/capswitch/cap_switch_base.rgba16.inc.c	128	[1336880, 11336]
texture	actors/capswitch/cap_switch_head.ia16.inc.c	4096	[1336880, 7240]
texture	actors/chain_ball/chain_ball.rgba16.inc.c	2048	[1723920, 133864]
texture	actors/chain_chomp/chain_chomp_bright_shine.rgba16.inc.c	2048	[1723920, 136144]
texture	actors/chain_chomp/chain_chomp_dull_shine.rgba16.inc.c	2048	[1723920, 138192]
texture	actors/chain_chomp/chain_chomp_eye.rgba16.inc.c	2048	[1723920, 144336]
texture	actors/chain_chomp/chain_chomp_tongue.rgba16.inc.c	2048	[1723920, 140240]
texture	actors/chain_chomp/chain_chomp_tooth.rgba16.inc.c	2048	[1341504, 27376]
texture	actors/chair/chair_bottom.rgba16.inc.c	1024	[1341504, 16480]
texture	actors/chair/chair_front.rgba16.inc.c	2048	[1341504, 12384]
texture	actors/chair/chair_leg.rgba16.inc.c	2048	[1341504, 14432]
texture	actors/chair/chair_surface_unused.rgba16.inc.c	2048	[1341504, 17504]
texture	actors/checkerboard_platform/checkerboard_platform.rgba16.inc.c	2048	[1912288, 52288]
texture	actors/checkerboard_platform/checkerboard_platform_side.rgba16.inc.c	1024	[1912288, 51264]
texture	actors/chillychief/chill_bully_eye.rgba16.inc.c	2048	[1128512, 9320]
texture	actors/chillychief/chill_bully_left_side.rgba16.inc.c	4096	[1859024, 96]
texture	actors/chillychief/chill_bully_right_side.rgba16.inc.c	4096	[1859024, 4192]
texture	actors/chuckya/chuckya_body_arm_left_side.rgba16.inc.c	4096	[1912288, 32632]
texture	actors/chuckya/chuckya_body_arm_right_side.rgba16.inc.c	4096	[1912288, 36728]
texture	actors/chuckya/chuckya_eyes.rgba16.inc.c	4096	[1912288, 26488]
texture	actors/chuckya/chuckya_hand_antenna.rgba16.inc.c	2048	[1912288, 30584]
texture	actors/clam_shell/clam_shell.rgba16.inc.c	2048	[1164528, 48]
texture	actors/clam_shell/clam_shell_mouth.rgba16.inc.c	2048	[1164528, 2096]
texture	actors/coin/coin_front.ia16.inc.c	2048	[1974256, 22400]
texture	actors/coin/coin_side.ia16.inc.c	2048	[1974256, 26496]
texture	actors/coin/coin_tilt_left.ia16.inc.c	2048	[1974256, 28544]
texture	actors/coin/coin_tilt_right.ia16.inc.c	2048	[1974256, 24448]
texture	actors/cyan_fish/cyan_fish.rgba16.inc.c	2048	[1681568, 54376]
texture	actors/dirt/dirt_particle.rgba16.inc.c	512	[1974256, 179704]
texture	actors/door/bbh_door.rgba16.inc.c	4096	[1974256, 66832]
texture	actors/door/bbh_door_overlay.rgba16.inc.c	2048	[1974256, 70928]
texture	actors/door/door_lock.rgba16.inc.c	1024	[1974256, 79120]
texture	actors/door/hmc_mural_door.rgba16.inc.c	4096	[1974256, 60688]
texture	actors/door/hmc_mural_door_overlay.rgba16.inc.c	2048	[1974256, 64784]
texture	actors/door/metal_door.rgba16.inc.c	4096	[1974256, 54544]
texture	actors/door/metal_door_overlay.rgba16.inc.c	2048	[1974256, 58640]
texture	actors/door/one_star_door_sign.rgba16.inc.c	2048	[1974256, 75024]
texture	actors/door/polished_wooden_door.rgba16.inc.c	4096	[1974256, 40208]
texture	actors/door/polished_wooden_door_overlay.rgba16.inc.c	4096	[1974256, 44304]
texture	actors/door/rough_wooden_door.rgba16.inc.c	4096	[1974256, 48400]
texture	actors/door/rough_wooden_door_overlay.rgba16.inc.c	2048	[1974256, 52496]
texture	actors/door/three_star_door_sign.rgba16.inc.c	2048	[1974256, 77072]
texture	actors/door/zero_star_door_sign.rgba16.inc.c	2048	[1974256, 72976]
texture	actors/dorrie/dorrie_eye.rgba16.inc.c	512	[1870528, 39840]
texture	actors/dorrie/dorrie_skin.rgba16.inc.c	4096	[1870528, 40352]
texture	actors/dorrie/dorrie_tongue.rgba16.inc.c	2048	[1723920, 140240]
texture	actors/exclamation_box/exclamation_box_front.rgba16.inc.c	2048	[1912288, 95784]
texture	actors/exclamation_box/exclamation_box_side.rgba16.inc.c	4096	[1912288, 97832]
texture	actors/exclamation_box/metal_cap_box_front.rgba16.inc.c	2048	[1912288, 83496]
texture	actors/exclamation_box/metal_cap_box_side.rgba16.inc.c	4096	[1912288, 85544]
texture	actors/exclamation_box/vanish_cap_box_front.rgba16.inc.c	2048	[1912288, 77352]
texture	actors/exclamation_box/vanish_cap_box_side.rgba16.inc.c	4096	[1912288, 79400]
texture	actors/exclamation_box/wing_cap_box_front.rgba16.inc.c	2048	[1912288, 89640]
texture	actors/exclamation_box/wing_cap_box_side.rgba16.inc.c	4096	[1912288, 91688]
texture	actors/exclamation_box_outline/exclamation_box_outline.rgba16.inc.c	2048	[1912288, 151912]
texture	actors/exclamation_box_outline/exclamation_point.rgba16.inc.c	1024	[1912288, 154240]
texture	actors/explosion/explosion_0.rgba16.inc.c	2048	[1974256, 2568]
texture	actors/explosion/explosion_1.rgba16.inc.c	2048	[1974256, 4616]
texture	actors/explosion/explosion_2.rgba16.inc.c	2048	[1974256, 6664]
texture	actors/explosion/explosion_3.rgba16.inc.c	2048	[1974256, 8712]
texture	actors/explosion/explosion_4.rgba16.inc.c	2048	[1974256, 10760]
texture	actors/explosion/explosion_5.rgba16.inc.c	2048	[1974256, 12808]
texture	actors/explosion/explosion_6.rgba16.inc.c	2048	[1974256, 14856]
texture	actors/eyerok/eyerok_bricks.rgba16.inc.c	2048	[1206896, 36160]
texture	actors/eyerok/eyerok_eye_closed.rgba16.inc.c	2048	[1206896, 44352]
texture	actors/eyerok/eyerok_eye_mostly_closed.rgba16.inc.c	2048	[1206896, 42304]
texture	actors/eyerok/eyerok_eye_mostly_open.rgba16.inc.c	2048	[1206896, 40256]
texture	actors/eyerok/eyerok_eye_open.rgba16.inc.c	2048	[1206896, 38208]
texture	actors/flame/flame_0.ia16.inc.c	2048	[1974256, 95008]
texture	actors/flame/flame_1.ia16.inc.c	2048	[1974256, 97056]
texture	actors/flame/flame_2.ia16.inc.c	2048	[1974256, 99104]
texture	actors/flame/flame_3.ia16.inc.c	2048	[1974256, 101152]
texture	actors/flame/flame_4.ia16.inc.c	2048	[1974256, 103200]
texture	actors/flame/flame_5.ia16.inc.c	2048	[1974256, 105248]
texture	actors/flame/flame_6.ia16.inc.c	2048	[1974256, 107296]
texture	actors/flame/flame_7.ia16.inc.c	2048	[1974256, 109344]
texture	actors/flyguy/flyguy_cloth_wrinkle.rgba16.inc.c	4096	[1912288, 57480]
texture	actors/flyguy/flyguy_face.rgba16.inc.c	2048	[1912288, 61576]
texture	actors/flyguy/flyguy_propeller.ia16.inc.c	2048	[1912288, 63624]
texture	actors/fwoosh/fwoosh_face.ia16.inc.c	2048	[1256880, 88072]
texture	actors/goomba/goomba_body.rgba16.inc.c	2048	[1912288, 103728]
texture	actors/goomba/goomba_face.rgba16.inc.c	2048	[1912288, 105776]
texture	actors/goomba/goomba_face_blink.rgba16.inc.c	2048	[1912288, 107824]
texture	actors/haunted_cage/bbh_cage_bars.rgba16.inc.c	2048	[1341504, 55944]
texture	actors/haunted_cage/bbh_cage_double_ornament.rgba16.inc.c	2048	[1341504, 51848]
texture	actors/haunted_cage/bbh_cage_floor.rgba16.inc.c	2048	[1341504, 49800]
texture	actors/haunted_cage/bbh_cage_garbage.rgba16.inc.c	2048	[1341504, 57992]
texture	actors/haunted_cage/bbh_cage_ornament.rgba16.inc.c	1024	[1341504, 53896]
texture	actors/haunted_cage/bbh_cage_wooden_base.rgba16.inc.c	1024	[1341504, 54920]
texture	actors/heart/spinning_heart.rgba16.inc.c	2048	[1912288, 55264]
texture	actors/heave_ho/heave-ho_arm_ornament.rgba16.inc.c	2048	[1094592, 68040]
texture	actors/heave_ho/heave-ho_face.rgba16.inc.c	2048	[1094592, 59848]
texture	actors/heave_ho/heave-ho_logo.rgba16.inc.c	4096	[1094592, 63944]
texture	actors/heave_ho/heave-ho_platform.rgba16.inc.c	2048	[1094592, 61896]
texture	actors/heave_ho/heave-ho_roller.rgba16.inc.c	512	[1094592, 70088]
texture	actors/heave_ho/heave-ho_turnkey.rgba16.inc.c	2048	[1094592, 70600]
texture	actors/hoot/hoot_eyes.rgba16.inc.c	2048	[1094592, 2592]
texture	actors/hoot/hoot_wing.rgba16.inc.c	2048	[1094592, 7760]
texture	actors/hoot/hoot_wing_tip.rgba16.inc.c	2048	[1094592, 9808]
texture	actors/impact_ring/impact_ring_left_side.ia16.inc.c	4096	[1478688, 117328]
texture	actors/impact_ring/impact_ring_right_side.ia16.inc.c	4096	[1478688, 121424]
texture	actors/impact_smoke/impact_smoke_0.ia16.inc.c	8192	[1478688, 371576]
texture	actors/impact_smoke/impact_smoke_1.ia16.inc.c	8192	[1478688, 379768]
texture	actors/impact_smoke/impact_smoke_2.ia16.inc.c	8192	[1478688, 387960]
texture	actors/impact_smoke/impact_smoke_3.ia16.inc.c	8192	[1478688, 396152]
texture	actors/king_bobomb/bob-omb_buddy_body_unused.rgba16.inc.c	8192	[1136896, 25720]
texture	actors/king_bobomb/bob-omb_buddy_left_side_unused.rgba16.inc.c	4096	[1136896, 120]
texture	actors/king_bobomb/bob-omb_buddy_right_side_unused.rgba16.inc.c	4096	[1136896, 4216]
texture	actors/king_bobomb/king_bob-omb_arm.rgba16.inc.c	2048	[1136896, 8312]
texture	actors/king_bobomb/king_bob-omb_body_unused.rgba16.inc.c	8192	[1136896, 10360]
texture	actors/king_bobomb/king_bob-omb_crown_rim.rgba16.inc.c	1024	[1136896, 24696]
texture	actors/king_bobomb/king_bob-omb_eyes.rgba16.inc.c	2048	[1136896, 18552]
texture	actors/king_bobomb/king_bob-omb_eyes_blink.rgba16.inc.c	2048	[1136896, 20600]
texture	actors/king_bobomb/king_bob-omb_hand.rgba16.inc.c	2048	[1136896, 22648]
texture	actors/king_bobomb/king_bob-omb_left_side.rgba16.inc.c	4096	[1136896, 33912]
texture	actors/king_bobomb/king_bob-omb_right_side.rgba16.inc.c	4096	[1136896, 38008]
texture	actors/klepto/klepto_beak.rgba16.inc.c	4096	[1206896, 4104]
texture	actors/klepto/klepto_chest_tuft.rgba16.inc.c	2048	[1206896, 8]
texture	actors/klepto/klepto_eye.rgba16.inc.c	2048	[1206896, 2056]
texture	actors/klepto/klepto_wing.rgba16.inc.c	4096	[1206896, 8200]
texture	actors/klepto/klepto_wing_flap.rgba16.inc.c	2048	[1206896, 12296]
texture	actors/koopa/koopa_eye_border.rgba16.inc.c	2048	[1723920, 22088]
texture	actors/koopa/koopa_eyes_closed.rgba16.inc.c	2048	[1723920, 20040]
texture	actors/koopa/koopa_eyes_open.rgba16.inc.c	2048	[1723920, 17992]
texture	actors/koopa/koopa_nostrils.rgba16.inc.c	4096	[1723920, 24136]
texture	actors/koopa/koopa_shell_back.rgba16.inc.c	2048	[1723920, 11848]
texture	actors/koopa/koopa_shell_front.rgba16.inc.c	2048	[1723920, 9800]
texture	actors/koopa/koopa_shell_front_top.rgba16.inc.c	2048	[1723920, 15944]
texture	actors/koopa/koopa_shoe.rgba16.inc.c	2048	[1723920, 13896]
texture	actors/koopa_flag/koopa_flag_banner.rgba16.inc.c	2048	[1723920, 72]
texture	actors/koopa_shell/koopa_shell_back.rgba16.inc.c	2048	[1723920, 11848]
texture	actors/koopa_shell/koopa_shell_front.rgba16.inc.c	2048	[1723920, 9800]
texture	actors/lakitu_cameraman/lakitu_camera_lens.rgba16.inc.c	512	[1806064, 14336]
texture	actors/lakitu_cameraman/lakitu_cameraman_cloud_face_unused.rgba16.inc.c	2048	[1447824, 60640]
texture	actors/lakitu_cameraman/lakitu_cameraman_eyes_closed.rgba16.inc.c	4096	[1447824, 66784]
texture	actors/lakitu_cameraman/lakitu_cameraman_eyes_open.rgba16.inc.c	4096	[1447824, 62688]
texture	actors/lakitu_cameraman/lakitu_cameraman_frown.rgba16.inc.c	2048	[1447824, 72928]
texture	actors/lakitu_cameraman/lakitu_cameraman_shell.rgba16.inc.c	2048	[1447824, 70880]
texture	actors/lakitu_enemy/lakitu_enemy_cloud_face_unused.rgba16.inc.c	2048	[1447824, 60640]
texture	actors/lakitu_enemy/lakitu_enemy_eyes_closed.rgba16.inc.c	4096	[1447824, 66784]
texture	actors/lakitu_enemy/lakitu_enemy_eyes_open.rgba16.inc.c	4096	[1447824, 62688]
texture	actors/lakitu_enemy/lakitu_enemy_frown.rgba16.inc.c	2048	[1447824, 72928]
texture	actors/lakitu_enemy/lakitu_enemy_shell.rgba16.inc.c	2048	[1447824, 70880]
texture	actors/leaves/leaf.rgba16.inc.c	512	[1974256, 117728]
texture	actors/mad_piano/mad_piano_body.rgba16.inc.c	1024	[1341504, 29424]
texture	actors/mad_piano/mad_piano_keys.rgba16.inc.c	1024	[1341504, 32496]
texture	actors/mad_piano/mad_piano_keys_corner.rgba16.inc.c	1024	[1341504, 30448]
texture	actors/mad_piano/mad_piano_keys_edge.rgba16.inc.c	1024	[1341504, 33520]
texture	actors/mad_piano/mad_piano_mouth.rgba16.inc.c	1024	[1341504, 31472]
texture	actors/mad_piano/mad_piano_tooth.rgba16.inc.c	2048	[1341504, 27376]
texture	actors/manta/manta_eye.rgba16.inc.c	2048	[1164528, 12192]
texture	actors/manta/manta_fin_corner.rgba16.inc.c	2048	[1164528, 6048]
texture	actors/manta/manta_fin_edge.rgba16.inc.c	4096	[1164528, 14240]
texture	actors/manta/manta_gills.rgba16.inc.c	4096	[1164528, 8096]
texture	actors/mario/mario_eyes_center.rgba16.inc.c	2048	[1004336, 12432]
texture	actors/mario/mario_eyes_closed.rgba16.inc.c	2048	[1004336, 16528]
texture	actors/mario/mario_eyes_closed_unused_0.rgba16.inc.c	2048	[1004336, 16528]
texture	actors/mario/mario_eyes_closed_unused_1.rgba16.inc.c	2048	[1004336, 16528]
texture	actors/mario/mario_eyes_dead.rgba16.inc.c	2048	[1004336, 30864]
texture	actors/mario/mario_eyes_down_unused.rgba16.inc.c	2048	[1004336, 28816]
texture	actors/mario/mario_eyes_half_closed.rgba16.inc.c	2048	[1004336, 14480]
texture	actors/mario/mario_eyes_left_unused.rgba16.inc.c	2048	[1004336, 22672]
texture	actors/mario/mario_eyes_right_unused.rgba16.inc.c	2048	[1004336, 24720]
texture	actors/mario/mario_eyes_up_unused.rgba16.inc.c	2048	[1004336, 26768]
texture	actors/mario/mario_logo.rgba16.inc.c	2048	[1004336, 6288]
texture	actors/mario/mario_metal.rgba16.inc.c	4096	[1004336, 144]
texture	actors/mario/mario_metal_wing_tip_unused.rgba16.inc.c	4096	[1004336, 45200]
texture	actors/mario/mario_metal_wing_unused.rgba16.inc.c	4096	[1004336, 41104]
texture	actors/mario/mario_mustache.rgba16.inc.c	2048	[1004336, 10384]
texture	actors/mario/mario_overalls_button.rgba16.inc.c	2048	[1004336, 4240]
texture	actors/mario/mario_sideburn.rgba16.inc.c	2048	[1004336, 8336]
texture	actors/mario/mario_wing.rgba16.inc.c	4096	[1004336, 32912]
texture	actors/mario/mario_wing_tip.rgba16.inc.c	4096	[1004336, 37008]
texture	actors/mario_cap/mario_cap_logo.rgba16.inc.c	2048	[1004336, 6288]
texture	actors/mario_cap/mario_cap_metal.rgba16.inc.c	4096	[1004336, 144]
texture	actors/mario_cap/mario_cap_metal_wing_tip_unused.rgba16.inc.c	4096	[1004336, 45200]
texture	actors/mario_cap/mario_cap_metal_wing_unused.rgba16.inc.c	4096	[1004336, 41104]
texture	actors/mario_cap/mario_cap_wing.rgba16.inc.c	4096	[1004336, 32912]
texture	actors/mario_cap/mario_cap_wing_tip.rgba16.inc.c	4096	[1004336, 37008]
texture	actors/metal_box/metal_box_side.rgba16.inc.c	4096	[1912288, 145816]
texture	actors/mips/mips_eyes.rgba16.inc.c	2048	[1806064, 64624]
texture	actors/mist/mist.ia16.inc.c	2048	[1974256, 128]
texture	actors/moneybag/moneybag_eyes.rgba16.inc.c	2048	[1859024, 18864]
texture	actors/moneybag/moneybag_mouth.rgba16.inc.c	4096	[1859024, 14768]
texture	actors/monty_mole/monty_mole_cheek.rgba16.inc.c	2048	[1256880, 2416]
texture	actors/monty_mole/monty_mole_claw.rgba16.inc.c	2048	[1256880, 10608]
texture	actors/monty_mole/monty_mole_eye.rgba16.inc.c	2048	[1256880, 4464]
texture	actors/monty_mole/monty_mole_nose.rgba16.inc.c	2048	[1256880, 6512]
texture	actors/monty_mole/monty_mole_tooth.rgba16.inc.c	2048	[1256880, 8560]
texture	actors/monty_mole_hole/monty_mole_hole.ia16.inc.c	2048	[1256880, 64]
texture	actors/mr_i_eyeball/mr_i_eyeball_left_side.rgba16.inc.c	4096	[1870528, 128]
texture	actors/mr_i_eyeball/mr_i_eyeball_right_side.rgba16.inc.c	4096	[1870528, 4224]
texture	actors/mr_i_iris/mr_i_iris_closed.rgba16.inc.c	2048	[1870528, 14704]
texture	actors/mr_i_iris/mr_i_iris_mostly_closed.rgba16.inc.c	2048	[1870528, 12656]
texture	actors/mr_i_iris/mr_i_iris_mostly_open.rgba16.inc.c	2048	[1870528, 10608]
texture	actors/mr_i_iris/mr_i_iris_open.rgba16.inc.c	2048	[1870528, 8560]
texture	actors/mushroom_1up/1-up_mushroom.rgba16.inc.c	4096	[1974256, 169512]
texture	actors/peach/peach_chest_jewel.rgba16.inc.c	512	[1369168, 11304]
texture	actors/peach/peach_crown_jewel.rgba16.inc.c	512	[1369168, 10792]
texture	actors/peach/peach_dress.rgba16.inc.c	2048	[1369168, 16424]
texture	actors/peach/peach_eye_closed.rgba16.inc.c	2048	[1369168, 8744]
texture	actors/peach/peach_eye_mostly_closed.rgba16.inc.c	2048	[1369168, 6696]
texture	actors/peach/peach_eye_mostly_open.rgba16.inc.c	2048	[1369168, 4648]
texture	actors/peach/peach_eye_open.rgba16.inc.c	2048	[1369168, 2600]
texture	actors/peach/peach_lips.rgba16.inc.c	2048	[1369168, 13864]
texture	actors/peach/peach_lips_scrunched.rgba16.inc.c	2048	[1369168, 11816]
texture	actors/peach/peach_nostril.rgba16.inc.c	512	[1369168, 15912]
texture	actors/pebble/pebble.rgba16.inc.c	2048	[1974256, 115456]
texture	actors/penguin/penguin_beak.rgba16.inc.c	2048	[1315408, 21984]
texture	actors/penguin/penguin_eye_angry.rgba16.inc.c	2048	[1315408, 17888]
texture	actors/penguin/penguin_eye_angry_unused.rgba16.inc.c	2048	[1315408, 19936]
texture	actors/penguin/penguin_eye_closed.rgba16.inc.c	2048	[1315408, 15840]
texture	actors/penguin/penguin_eye_half_closed.rgba16.inc.c	2048	[1315408, 13792]
texture	actors/penguin/penguin_eye_open.rgba16.inc.c	2048	[1315408, 11744]
texture	actors/piranha_plant/piranha_plant_bottom_lip.rgba16.inc.c	2048	[1723920, 78840]
texture	actors/piranha_plant/piranha_plant_leaf.rgba16.inc.c	4096	[1723920, 82936]
texture	actors/piranha_plant/piranha_plant_skin.rgba16.inc.c	2048	[1723920, 74744]
texture	actors/piranha_plant/piranha_plant_stem.rgba16.inc.c	2048	[1723920, 76792]
texture	actors/piranha_plant/piranha_plant_tongue.rgba16.inc.c	4096	[1478688, 148536]
texture	actors/piranha_plant/piranha_plant_tooth.rgba16.inc.c	2048	[1723920, 80888]
texture	actors/pokey/pokey_body.rgba16.inc.c	2048	[1206896, 75896]
texture	actors/pokey/pokey_face.rgba16.inc.c	2048	[1206896, 71504]
texture	actors/pokey/pokey_face_blink.rgba16.inc.c	2048	[1206896, 73552]
texture	actors/poundable_pole/poundable_pole_side.rgba16.inc.c	2048	[1723920, 6224]
texture	actors/poundable_pole/poundable_pole_top.rgba16.inc.c	2048	[1723920, 4176]
texture	actors/power_meter/power_meter_five_segments.rgba16.inc.c	2048	[1974256, 158688]
texture	actors/power_meter/power_meter_four_segments.rgba16.inc.c	2048	[1974256, 160736]
texture	actors/power_meter/power_meter_full.rgba16.inc.c	2048	[1974256, 152544]
texture	actors/power_meter/power_meter_left_side.rgba16.inc.c	4096	[1974256, 144352]
texture	actors/power_meter/power_meter_one_segment.rgba16.inc.c	2048	[1974256, 166880]
texture	actors/power_meter/power_meter_right_side.rgba16.inc.c	4096	[1974256, 148448]
texture	actors/power_meter/power_meter_seven_segments.rgba16.inc.c	2048	[1974256, 154592]
texture	actors/power_meter/power_meter_six_segments.rgba16.inc.c	2048	[1974256, 156640]
texture	actors/power_meter/power_meter_three_segments.rgba16.inc.c	2048	[1974256, 162784]
texture	actors/power_meter/power_meter_two_segments.rgba16.inc.c	2048	[1974256, 164832]
texture	actors/purple_switch/purple_switch_base.rgba16.inc.c	128	[1912288, 49320]
texture	actors/purple_switch/purple_switch_exclamation_point.rgba16.inc.c	1024	[1912288, 49448]
texture	actors/sand/sand_particle.rgba16.inc.c	512	[1974256, 178896]
texture	actors/scuttlebug/scuttlebug_eye.rgba16.inc.c	2048	[1870528, 65800]
texture	actors/scuttlebug/scuttlebug_iris.rgba16.inc.c	2048	[1870528, 76040]
texture	actors/scuttlebug/scuttlebug_left_side.rgba16.inc.c	4096	[1870528, 67848]
texture	actors/scuttlebug/scuttlebug_leg.rgba16.inc.c	2048	[1870528, 78088]
texture	actors/scuttlebug/scuttlebug_right_side.rgba16.inc.c	4096	[1870528, 71944]
texture	actors/seaweed/seaweed_base.rgba16.inc.c	2048	[1681568, 38416]
texture	actors/seaweed/seaweed_lower_center.rgba16.inc.c	2048	[1681568, 36368]
texture	actors/seaweed/seaweed_tip.rgba16.inc.c	2048	[1681568, 32272]
texture	actors/seaweed/seaweed_upper_center.rgba16.inc.c	2048	[1681568, 34320]
texture	actors/skeeter/skeeter_eye.rgba16.inc.c	2048	[1681568, 144]
texture	actors/skeeter/skeeter_iris.rgba16.inc.c	256	[1681568, 2192]
texture	actors/smoke/smoke.ia16.inc.c	2048	[1256880, 29376]
texture	actors/snowman/mr_blizzard_eye.rgba16.inc.c	2048	[1315408, 46192]
texture	actors/snowman/mr_blizzard_left_side.rgba16.inc.c	4096	[1315408, 38000]
texture	actors/snowman/mr_blizzard_mitten.rgba16.inc.c	2048	[1315408, 35952]
texture	actors/snowman/mr_blizzard_mouth.rgba16.inc.c	2048	[1315408, 48240]
texture	actors/snowman/mr_blizzard_right_side.rgba16.inc.c	4096	[1315408, 42096]
texture	actors/snufit/snufit_body.rgba16.inc.c	2048	[1870528, 28896]
texture	actors/snufit/snufit_eye.rgba16.inc.c	2048	[1870528, 30944]
texture	actors/snufit/snufit_mask_strap.rgba16.inc.c	1024	[1870528, 32992]
texture	actors/snufit/snufit_mouth.rgba16.inc.c	2048	[1870528, 34016]
texture	actors/sparkle/sparkle_0.rgba16.inc.c	2048	[1004336, 160912]
texture	actors/sparkle/sparkle_1.rgba16.inc.c	2048	[1004336, 162960]
texture	actors/sparkle/sparkle_2.rgba16.inc.c	2048	[1004336, 165008]
texture	actors/sparkle/sparkle_3.rgba16.inc.c	2048	[1004336, 167056]
texture	actors/sparkle/sparkle_4.rgba16.inc.c	2048	[1004336, 169104]
texture	actors/sparkle/sparkle_5.rgba16.inc.c	2048	[1004336, 171152]
texture	actors/sparkle_animation/sparkle_animation_0.ia16.inc.c	2048	[1004336, 207496]
texture	actors/sparkle_animation/sparkle_animation_1.ia16.inc.c	2048	[1004336, 209544]
texture	actors/sparkle_animation/sparkle_animation_2.ia16.inc.c	2048	[1004336, 211592]
texture	actors/sparkle_animation/sparkle_animation_3.ia16.inc.c	2048	[1004336, 213640]
texture	actors/sparkle_animation/sparkle_animation_4.ia16.inc.c	2048	[1004336, 215688]
texture	actors/spindrift/spindrift_face.rgba16.inc.c	2048	[1315408, 1744]
texture	actors/spindrift/spindrift_head.rgba16.inc.c	2048	[1315408, 7888]
texture	actors/spindrift/spindrift_leaf.rgba16.inc.c	2048	[1315408, 5840]
texture	actors/spindrift/spindrift_petal.rgba16.inc.c	2048	[1315408, 3792]
texture	actors/springboard/springboard_base_unused.rgba16.inc.c	2048	[1336880, 2072]
texture	actors/springboard/springboard_top_unused.rgba16.inc.c	2048	[1336880, 24]
texture	actors/star/star_eye.rgba16.inc.c	2048	[1447824, 31280]
texture	actors/star/star_surface.rgba16.inc.c	2048	[1974256, 173808]
texture	actors/stomp_smoke/stomp_smoke_0.ia16.inc.c	2048	[1004336, 139592]
texture	actors/stomp_smoke/stomp_smoke_1.ia16.inc.c	2048	[1004336, 141640]
texture	actors/stomp_smoke/stomp_smoke_2.ia16.inc.c	2048	[1004336, 143688]
texture	actors/stomp_smoke/stomp_smoke_3.ia16.inc.c	2048	[1004336, 145736]
texture	actors/stomp_smoke/stomp_smoke_4.ia16.inc.c	2048	[1004336, 147784]
texture	actors/stomp_smoke/stomp_smoke_5.ia16.inc.c	2048	[1004336, 149832]
texture	actors/sushi/sushi_eye.rgba16.inc.c	1024	[1164528, 38608]
texture	actors/sushi/sushi_snout.rgba16.inc.c	2048	[1164528, 36560]
texture	actors/sushi/sushi_tooth.rgba16.inc.c	128	[1164528, 39632]
texture	actors/swoop/swoop_body.rgba16.inc.c	2048	[1870528, 17008]
texture	actors/swoop/swoop_eye.rgba16.inc.c	2048	[1870528, 19056]
texture	actors/swoop/swoop_nose.rgba16.inc.c	2048	[1870528, 21104]
texture	actors/swoop/swoop_wing.rgba16.inc.c	2048	[1870528, 23152]
texture	actors/thwomp/thwomp_face.rgba16.inc.c	4096	[1094592, 39168]
texture	actors/thwomp/thwomp_surface.rgba16.inc.c	2048	[1094592, 43264]
texture	actors/toad/toad_face.rgba16.inc.c	2048	[1806064, 22816]
texture	actors/toad/toad_head.rgba16.inc.c	2048	[1806064, 24864]
texture	actors/tornado/tornado.ia16.inc.c	4096	[1164528, 75848]
texture	actors/treasure_chest/treasure_chest_front.rgba16.inc.c	4096	[1681568, 87976]
texture	actors/treasure_chest/treasure_chest_lock.rgba16.inc.c	2048	[1681568, 81832]
texture	actors/treasure_chest/treasure_chest_lock_top.rgba16.inc.c	2048	[1681568, 85928]
texture	actors/treasure_chest/treasure_chest_side.rgba16.inc.c	2048	[1681568, 83880]
texture	actors/tree/palm_tree.rgba16.inc.c	4096	[1974256, 205336]
texture	actors/tree/pine_tree.rgba16.inc.c	4096	[1974256, 196448]
texture	actors/tree/snowy_pine_tree.rgba16.inc.c	4096	[1974256, 200776]
texture	actors/tree/tree_left_side.rgba16.inc.c	4096	[1974256, 187944]
texture	actors/tree/tree_right_side.rgba16.inc.c	4096	[1974256, 192040]
texture	actors/ukiki/ukiki_butt.rgba16.inc.c	2048	[1256880, 39872]
texture	actors/ukiki/ukiki_face.rgba16.inc.c	4096	[1256880, 31680]
texture	actors/ukiki/ukiki_face_blink.rgba16.inc.c	4096	[1256880, 35776]
texture	actors/ukiki/ukiki_fur.rgba16.inc.c	2048	[1256880, 41920]
texture	actors/unagi/unagi_body.rgba16.inc.c	2048	[1164528, 44832]
texture	actors/unagi/unagi_eye.rgba16.inc.c	512	[1164528, 46880]
texture	actors/unagi/unagi_head_base.rgba16.inc.c	2048	[1164528, 47392]
texture	actors/unagi/unagi_mouth.rgba16.inc.c	128	[1164528, 49952]
texture	actors/unagi/unagi_tail.rgba16.inc.c	2048	[1164528, 50080]
texture	actors/unagi/unagi_tooth.rgba16.inc.c	512	[1164528, 49440]
texture	actors/walk_smoke/walk_smoke_0.ia16.inc.c	2048	[1004336, 122528]
texture	actors/walk_smoke/walk_smoke_1.ia16.inc.c	2048	[1004336, 124576]
texture	actors/walk_smoke/walk_smoke_2.ia16.inc.c	2048	[1004336, 126624]
texture	actors/walk_smoke/walk_smoke_3.ia16.inc.c	2048	[1004336, 128672]
texture	actors/walk_smoke/walk_smoke_4.ia16.inc.c	2048	[1004336, 130720]
texture	actors/walk_smoke/walk_smoke_5.ia16.inc.c	2048	[1004336, 132768]
texture	actors/walk_smoke/walk_smoke_6.ia16.inc.c	2048	[1004336, 134816]
texture	actors/warp_pipe/warp_pipe_side.rgba16.inc.c	4096	[1974256, 32320]
texture	actors/warp_pipe/warp_pipe_top.rgba16.inc.c	2048	[1974256, 37224]
texture	actors/water_bubble/water_bubble.rgba16.inc.c	2048	[1136896, 65152]
texture	actors/water_mine/water_mine_left_side_unused.rgba16.inc.c	4096	[1478688, 359440]
texture	actors/water_mine/water_mine_right_side_unused.rgba16.inc.c	4096	[1478688, 363536]
texture	actors/water_mine/water_mine_spike_unused.rgba16.inc.c	2048	[1478688, 367632]
texture	actors/water_ring/water_ring.rgba16.inc.c	4096	[1681568, 74624]
texture	actors/water_splash/water_splash_0.rgba16.inc.c	4096	[1004336, 173512]
texture	actors/water_splash/water_splash_1.rgba16.inc.c	4096	[1004336, 177608]
texture	actors/water_splash/water_splash_2.rgba16.inc.c	4096	[1004336, 181704]
texture	actors/water_splash/water_splash_3.rgba16.inc.c	4096	[1004336, 185800]
texture	actors/water_splash/water_splash_4.rgba16.inc.c	4096	[1004336, 189896]
texture	actors/water_splash/water_splash_5.rgba16.inc.c	4096	[1004336, 193992]
texture	actors/water_splash/water_splash_6.rgba16.inc.c	4096	[1004336, 198088]
texture	actors/water_splash/water_splash_7.rgba16.inc.c	4096	[1004336, 202184]
texture	actors/water_wave/water_wave_0.ia16.inc.c	2048	[1004336, 152408]
texture	actors/water_wave/water_wave_1.ia16.inc.c	2048	[1004336, 154456]
texture	actors/water_wave/water_wave_2.ia16.inc.c	2048	[1004336, 156504]
texture	actors/water_wave/water_wave_3.ia16.inc.c	2048	[1004336, 158552]
texture	actors/whirlpool/whirlpool.ia16.inc.c	4096	[1164528, 75848]
texture	actors/white_particle/snow_particle.rgba16.inc.c	512	[1974256, 181920]
texture	actors/white_particle_small/small_snow_particle.rgba16.inc.c	512	[1004336, 206720]
texture	actors/whomp/whomp_back.rgba16.inc.c	4096	[1723920, 115552]
texture	actors/whomp/whomp_face.rgba16.inc.c	4096	[1723920, 119648]
texture	actors/whomp/whomp_hand.rgba16.inc.c	2048	[1723920, 123744]
texture	actors/whomp/whomp_surface.rgba16.inc.c	2048	[1723920, 125792]
texture	actors/wiggler/wiggler_eye.rgba16.inc.c	2048	[1447824, 31280]
texture	actors/wiggler/wiggler_flower.rgba16.inc.c	2048	[1447824, 33328]
texture	actors/wiggler/wiggler_frown.rgba16.inc.c	2048	[1447824, 35376]
texture	actors/wiggler/wiggler_nose_left_side.rgba16.inc.c	4096	[1447824, 37424]
texture	actors/wiggler/wiggler_nose_right_side.rgba16.inc.c	4096	[1447824, 41520]
texture	actors/wiggler/wiggler_segment_left_side.rgba16.inc.c	4096	[1447824, 23088]
texture	actors/wiggler/wiggler_segment_right_side.rgba16.inc.c	4096	[1447824, 27184]
texture	actors/wooden_signpost/wooden_signpost_back.rgba16.inc.c	2048	[1974256, 182728]
texture	actors/wooden_signpost/wooden_signpost_front.rgba16.inc.c	2048	[1974256, 184776]
texture	actors/yellow_sphere/yellow_sphere.rgba16.inc.c	2048	[1094592, 64]
texture	actors/yellow_sphere_small/small_yellow_sphere.rgba16.inc.c	2048	[1094592, 64]
texture	actors/yoshi/yoshi_eye.rgba16.inc.c	512	[1369168, 116104]
texture	actors/yoshi/yoshi_eye_blink.rgba16.inc.c	512	[1369168, 116616]
texture	actors/yoshi/yoshi_nostril.rgba16.inc.c	512	[1369168, 117128]
texture	actors/yoshi_egg/yoshi_egg_0_unused.rgba16.inc.c	2048	[1094592, 22456]
texture	actors/yoshi_egg/yoshi_egg_1_unused.rgba16.inc.c	2048	[1094592, 24504]
texture	actors/yoshi_egg/yoshi_egg_2_unused.rgba16.inc.c	2048	[1094592, 26552]
texture	actors/yoshi_egg/yoshi_egg_3_unused.rgba16.inc.c	2048	[1094592, 28600]
texture	actors/yoshi_egg/yoshi_egg_4_unused.rgba16.inc.c	2048	[1094592, 30648]
texture	actors/yoshi_egg/yoshi_egg_5_unused.rgba16.inc.c	2048	[1094592, 32696]
texture	actors/yoshi_egg/yoshi_egg_6_unused.rgba16.inc.c	2048	[1094592, 34744]
texture	actors/yoshi_egg/yoshi_egg_7_unused.rgba16.inc.c	2048	[1094592, 36792]
demo	assets/demos/bbh.bin	988	[5620584]
demo	assets/demos/ccm.bin	1320	[5621572]
demo	assets/demos/hmc.bin	980	[5622892]
demo	assets/demos/jrb.bin	620	[5623872]
demo	assets/demos/pss.bin	748	[5625164]
demo	assets/demos/unused.bin	108	[5625912]
demo	assets/demos/wf.bin	672	[5624492]
skybox	bin/bbh_skybox.c	84288	[2999280, 0]
skybox	bin/bidw_skybox.c	131392	[3026704, 0]
skybox	bin/bitfs_skybox.c	102720	[2822784, 0]
skybox	bin/bits_skybox.c	131392	[3072256, 0]
skybox	bin/ccm_skybox.c	131392	[2728272, 0]
skybox	bin/cloud_floor_skybox.c	131392	[2919104, 0]
skybox	bin/clouds_skybox.c	84288	[2786832, 0]
skybox	bin/ssl_skybox.c	131392	[2959136, 0]
skybox	bin/water_skybox.c	131392	[2676976, 0]
skybox	bin/wdw_skybox.c	131392	[2848560, 0]
texture	levels/bbh/0.rgba16.inc.c	4096	[3485312, 0]
texture	levels/bbh/1.rgba16.inc.c	2048	[3485312, 4096]
texture	levels/bbh/2.rgba16.inc.c	2048	[3485312, 6144]
texture	levels/bbh/3.rgba16.inc.c	4096	[3485312, 8192]
texture	levels/bbh/4.rgba16.inc.c	1024	[3485312, 12288]
texture	levels/bbh/5.rgba16.inc.c	4096	[3485312, 13312]
texture	levels/bbh/6.rgba16.inc.c	1024	[3485312, 17408]
texture	levels/bitdw/0.rgba16.inc.c	2048	[4415552, 0]
texture	levels/bitdw/1.rgba16.inc.c	2048	[4415552, 2048]
texture	levels/bitdw/2.rgba16.inc.c	2048	[4415552, 4096]
texture	levels/bitdw/3.rgba16.inc.c	2048	[4415552, 6144]
texture	levels/bitfs/0.rgba16.inc.c	4096	[4466448, 0]
texture	levels/bitfs/1.rgba16.inc.c	2048	[4466448, 4096]
texture	levels/bitfs/2.rgba16.inc.c	2048	[4466448, 6144]
texture	levels/bits/0.rgba16.inc.c	4096	[4511200, 0]
texture	levels/bits/1.rgba16.inc.c	4096	[4511200, 4096]
texture	levels/bits/2.rgba16.inc.c	2048	[4511200, 8192]
texture	levels/bob/0.rgba16.inc.c	2048	[4052208, 0]
texture	levels/bob/1.rgba16.inc.c	2048	[4052208, 2048]
texture	levels/bob/2.rgba16.inc.c	2048	[4052208, 4096]
texture	levels/bob/3.rgba16.inc.c	2048	[4052208, 6144]
texture	levels/bob/4.rgba16.inc.c	2048	[4052208, 8192]
texture	levels/bowser_1/0.rgba16.inc.c	4096	[4870192, 0]
texture	levels/bowser_1/1.rgba16.inc.c	2048	[4870192, 4096]
texture	levels/bowser_1/2.rgba16.inc.c	2048	[4870192, 6144]
texture	levels/bowser_2/0.rgba16.inc.c	2048	[4915936, 0]
texture	levels/bowser_3/0.rgba16.inc.c	2048	[4920080, 0]
texture	levels/bowser_3/1.rgba16.inc.c	2048	[4920080, 2048]
texture	levels/bowser_3/2.rgba16.inc.c	4096	[4920080, 4096]
texture	levels/castle_grounds/0.rgba16.inc.c	4096	[4374016, 0]
texture	levels/castle_grounds/1.rgba16.inc.c	4096	[4374016, 4096]
texture	levels/castle_grounds/2.rgba16.inc.c	4096	[4374016, 8192]
texture	levels/castle_grounds/3.rgba16.inc.c	4096	[4374016, 51688]
texture	levels/castle_grounds/4.rgba16.inc.c	4096	[4374016, 55784]
texture	levels/castle_grounds/5.ia8.inc.c	2048	[4374016, 60136]
texture	levels/castle_inside/1.rgba16.inc.c	2048	[3634560, 2048]
texture	levels/castle_inside/10.rgba16.inc.c	2048	[3634560, 28672]
texture	levels/castle_inside/11.rgba16.inc.c	2048	[3634560, 30720]
texture	levels/castle_inside/12.rgba16.inc.c	2048	[3634560, 32768]
texture	levels/castle_inside/13.rgba16.inc.c	2048	[3634560, 34816]
texture	levels/castle_inside/14.rgba16.inc.c	2048	[3634560, 36864]
texture	levels/castle_inside/15.rgba16.inc.c	2048	[3634560, 38912]
texture	levels/castle_inside/16.ia16.inc.c	2048	[3634560, 40960]
texture	levels/castle_inside/17.rgba16.inc.c	4096	[3634560, 43008]
texture	levels/castle_inside/18.rgba16.inc.c	4096	[3634560, 47104]
texture	levels/castle_inside/19.rgba16.inc.c	4096	[3634560, 51200]
texture	levels/castle_inside/2.ia16.inc.c	4096	[3178624, 47104]
texture	levels/castle_inside/20.rgba16.inc.c	4096	[3634560, 55296]
texture	levels/castle_inside/21.rgba16.inc.c	4096	[3634560, 59392]
texture	levels/castle_inside/22.rgba16.inc.c	4096	[3634560, 63488]
texture	levels/castle_inside/23_us.rgba16.inc.c	4096	[3634560, 67584]
texture	levels/castle_inside/24_us.rgba16.inc.c	4096	[3634560, 71680]
texture	levels/castle_inside/25.rgba16.inc.c	4096	[3634560, 75776]
texture	levels/castle_inside/26.rgba16.inc.c	4096	[3634560, 79872]
texture	levels/castle_inside/27.rgba16.inc.c	4096	[3634560, 83968]
texture	levels/castle_inside/28.rgba16.inc.c	4096	[3634560, 88064]
texture	levels/castle_inside/29.rgba16.inc.c	2048	[3634560, 92160]
texture	levels/castle_inside/3.rgba16.inc.c	4096	[3634560, 8192]
texture	levels/castle_inside/30.rgba16.inc.c	2048	[3634560, 94208]
texture	levels/castle_inside/31.rgba16.inc.c	4096	[3634560, 96256]
texture	levels/castle_inside/32.rgba16.inc.c	4096	[3634560, 100352]
texture	levels/castle_inside/33.rgba16.inc.c	4096	[3634560, 104448]
texture	levels/castle_inside/34.rgba16.inc.c	4096	[3634560, 108544]
texture	levels/castle_inside/35.rgba16.inc.c	4096	[3634560, 112640]
texture	levels/castle_inside/36.rgba16.inc.c	4096	[3634560, 116736]
texture	levels/castle_inside/37.rgba16.inc.c	4096	[3634560, 120832]
texture	levels/castle_inside/38.rgba16.inc.c	4096	[3634560, 124928]
texture	levels/castle_inside/39.rgba16.inc.c	4096	[3634560, 129024]
texture	levels/castle_inside/4.rgba16.inc.c	2048	[3634560, 12288]
texture	levels/castle_inside/40.rgba16.inc.c	4096	[3634560, 133120]
texture	levels/castle_inside/5.rgba16.inc.c	4096	[3634560, 14336]
texture	levels/castle_inside/6.rgba16.inc.c	4096	[3634560, 18432]
texture	levels/castle_inside/7.rgba16.inc.c	2048	[3634560, 22528]
texture	levels/castle_inside/8.rgba16.inc.c	2048	[3634560, 24576]
texture	levels/castle_inside/9.rgba16.inc.c	2048	[3634560, 26624]
texture	levels/castle_inside/castle_light.ia16.inc.c	2048	[3312784, 47104]
texture	levels/ccm/0.rgba16.inc.c	2048	[3558288, 0]
texture	levels/ccm/1.rgba16.inc.c	256	[3558288, 2048]
texture	levels/ccm/10.rgba16.inc.c	2048	[3558288, 17152]
texture	levels/ccm/11.rgba16.inc.c	2048	[3558288, 19200]
texture	levels/ccm/12.rgba16.inc.c	2048	[3558288, 72024]
texture	levels/ccm/2.rgba16.inc.c	2048	[3558288, 2304]
texture	levels/ccm/3.rgba16.inc.c	2048	[3558288, 4352]
texture	levels/ccm/4.rgba16.inc.c	2048	[3558288, 6400]
texture	levels/ccm/5.rgba16.inc.c	2048	[1315408, 48240]
texture	levels/ccm/6.rgba16.inc.c	2048	[1315408, 46192]
texture	levels/ccm/7.rgba16.inc.c	2048	[3558288, 12544]
texture	levels/ccm/8.ia16.inc.c	512	[3558288, 14592]
texture	levels/ccm/9.ia16.inc.c	2048	[3558288, 15104]
texture	levels/cotmc/0.rgba16.inc.c	4096	[4827104, 0]
texture	levels/cotmc/1.rgba16.inc.c	2048	[4827104, 4096]
texture	levels/cotmc/2.rgba16.inc.c	2048	[4827104, 6144]
texture	levels/cotmc/3.rgba16.inc.c	2048	[4827104, 8192]
texture	levels/cotmc/4.rgba16.inc.c	2048	[4827104, 10240]
texture	levels/ddd/0.rgba16.inc.c	4096	[4647792, 0]
texture	levels/ddd/1.rgba16.inc.c	2048	[3312784, 4096]
texture	levels/ddd/2.rgba16.inc.c	2048	[4647792, 6144]
texture	levels/ddd/3.rgba16.inc.c	4096	[4647792, 8192]
texture	levels/ddd/4.rgba16.inc.c	2048	[4647792, 12288]
cake	levels/ending/cake_eu.inc.c	143360	[4716880, 0]
texture	levels/ending/eu_023000.rgba16.inc.c	4096	[4716880, 143360]
texture	levels/ending/eu_024000.rgba16.inc.c	4096	[4716880, 147456]
texture	levels/ending/eu_025000.rgba16.inc.c	4096	[4716880, 151552]
texture	levels/ending/eu_026000.rgba16.inc.c	4096	[4716880, 155648]
texture	levels/ending/eu_027000.rgba16.inc.c	4096	[4716880, 159744]
texture	levels/ending/eu_028000.rgba16.inc.c	4096	[4716880, 163840]
texture	levels/hmc/0.rgba16.inc.c	4096	[3874816, 0]
texture	levels/hmc/1.rgba16.inc.c	4096	[3874816, 4096]
texture	levels/hmc/2.rgba16.inc.c	4096	[3874816, 8192]
texture	levels/hmc/3.rgba16.inc.c	2048	[3874816, 12288]
texture	levels/hmc/4.rgba16.inc.c	2048	[3874816, 14336]
texture	levels/hmc/5.rgba16.inc.c	2048	[3874816, 16384]
texture	levels/hmc/6.rgba16.inc.c	4096	[3874816, 18432]
texture	levels/hmc/7.rgba16.inc.c	2048	[3634560, 92160]
texture	levels/intro/0.rgba16.inc.c	2048	[2401056, 32416]
texture	levels/intro/1.rgba16.inc.c	2048	[2401056, 34464]
texture	levels/intro/2_eu_copyright.rgba16.inc.c	4096	[2401056, 46240]
texture	levels/intro/3_eu_tm.rgba16.inc.c	512	[2401056, 50336]
texture	levels/jrb/0.rgba16.inc.c	2048	[3312784, 4096]
texture	levels/jrb/1.rgba16.inc.c	4096	[4176288, 2048]
texture	levels/jrb/2.rgba16.inc.c	2048	[4176288, 6144]
texture	levels/jrb/3.rgba16.inc.c	2048	[4176288, 8192]
texture	levels/lll/0.rgba16.inc.c	2048	[4560608, 0]
texture	levels/lll/1.rgba16.inc.c	2048	[4560608, 2048]
texture	levels/lll/10.rgba16.inc.c	2048	[4560608, 20480]
texture	levels/lll/11.rgba16.inc.c	2048	[4560608, 22528]
texture	levels/lll/12.rgba16.inc.c	2048	[4560608, 24576]
texture	levels/lll/13.rgba16.inc.c	2048	[4560608, 26624]
texture	levels/lll/14.rgba16.inc.c	2048	[4560608, 28672]
texture	levels/lll/15.rgba16.inc.c	2048	[4560608, 30720]
texture	levels/lll/16.rgba16.inc.c	2048	[4560608, 32768]
texture	levels/lll/17.rgba16.inc.c	2048	[4560608, 34816]
texture	levels/lll/18.rgba16.inc.c	2048	[4560608, 36864]
texture	levels/lll/19.rgba16.inc.c	2048	[4560608, 38912]
texture	levels/lll/2.rgba16.inc.c	2048	[4560608, 4096]
texture	levels/lll/20.rgba16.inc.c	2048	[4560608, 40960]
texture	levels/lll/21.rgba16.inc.c	2048	[4560608, 43008]
texture	levels/lll/22.rgba16.inc.c	2048	[4560608, 45056]
texture	levels/lll/23.rgba16.inc.c	2048	[4560608, 47104]
texture	levels/lll/24.rgba16.inc.c	2048	[4560608, 49152]
texture	levels/lll/25.rgba16.inc.c	2048	[4560608, 51200]
texture	levels/lll/26.rgba16.inc.c	512	[4560608, 53248]
texture	levels/lll/27.ia16.inc.c	512	[3558288, 14592]
texture	levels/lll/28.rgba16.inc.c	2048	[4560608, 54272]
texture	levels/lll/29.rgba16.inc.c	2048	[4560608, 56320]
texture	levels/lll/3.rgba16.inc.c	2048	[4560608, 6144]
texture	levels/lll/30.rgba16.inc.c	2048	[4560608, 58368]
texture	levels/lll/31.rgba16.inc.c	2048	[4560608, 60416]
texture	levels/lll/32.rgba16.inc.c	2048	[4560608, 62464]
texture	levels/lll/4.rgba16.inc.c	2048	[4560608, 8192]
texture	levels/lll/5.rgba16.inc.c	2048	[4560608, 10240]
texture	levels/lll/6.rgba16.inc.c	2048	[4560608, 12288]
texture	levels/lll/7.rgba16.inc.c	2048	[3142672, 6144]
texture	levels/lll/8.rgba16.inc.c	2048	[4560608, 16384]
texture	levels/lll/9.rgba16.inc.c	2048	[4560608, 18432]
texture	levels/menu/main_menu_seg7.00018.rgba16.inc.c	2048	[2647072, 24]
texture	levels/menu/main_menu_seg7.00818.rgba16.inc.c	2048	[2647072, 2072]
texture	levels/menu/main_menu_seg7.01018.rgba16.inc.c	4096	[2647072, 4120]
texture	levels/menu/main_menu_seg7.02018.rgba16.inc.c	4096	[2647072, 8216]
texture	levels/menu/main_menu_seg7.03468.rgba16.inc.c	2048	[2647072, 13416]
texture	levels/menu/main_menu_seg7.03C68.rgba16.inc.c	2048	[2647072, 15464]
texture	levels/menu/main_menu_seg7.04468.rgba16.inc.c	2048	[2647072, 17512]
texture	levels/menu/main_menu_seg7.04C68.rgba16.inc.c	2048	[2647072, 19560]
texture	levels/menu/main_menu_seg7.05468.rgba16.inc.c	2048	[2647072, 21608]
texture	levels/menu/main_menu_seg7.06328.rgba16.inc.c	2048	[2647072, 25384]
texture	levels/menu/main_menu_seg7.06B28.rgba16.inc.c	2048	[2647072, 27432]
texture	levels/menu/main_menu_seg7.073D0.rgba16.inc.c	512	[2647072, 29648]
texture	levels/menu/main_menu_seg7.075D0.rgba16.inc.c	512	[2647072, 30160]
texture	levels/menu/main_menu_seg7.077D0.rgba16.inc.c	512	[2647072, 30672]
texture	levels/menu/main_menu_seg7.079D0.rgba16.inc.c	512	[2647072, 31184]
texture	levels/menu/main_menu_seg7.07BD0.rgba16.inc.c	512	[2647072, 31696]
texture	levels/menu/main_menu_seg7.07DD0.rgba16.inc.c	512	[2647072, 32208]
texture	levels/menu/main_menu_seg7.07FD0.rgba16.inc.c	512	[2647072, 32720]
texture	levels/menu/main_menu_seg7.081D0.rgba16.inc.c	512	[2647072, 33232]
texture	levels/menu/main_menu_seg7.083D0.rgba16.inc.c	512	[2647072, 33744]
texture	levels/menu/main_menu_seg7.085D0.rgba16.inc.c	512	[2647072, 34256]
texture	levels/menu/main_menu_seg7.087D0.rgba16.inc.c	512	[2647072, 34768]
texture	levels/menu/main_menu_seg7.089D0.rgba16.inc.c	512	[2647072, 35280]
texture	levels/menu/main_menu_seg7.08BD0.rgba16.inc.c	512	[2647072, 35792]
texture	levels/menu/main_menu_seg7.08DD0.rgba16.inc.c	512	[2647072, 36304]
texture	levels/menu/main_menu_seg7.08FD0.rgba16.inc.c	512	[2647072, 36816]
texture	levels/menu/main_menu_seg7.091D0.rgba16.inc.c	512	[2647072, 37328]
texture	levels/menu/main_menu_seg7.093D0.rgba16.inc.c	512	[2647072, 37840]
texture	levels/menu/main_menu_seg7.095D0.rgba16.inc.c	512	[2647072, 38352]
texture	levels/menu/main_menu_seg7.097D0.rgba16.inc.c	512	[2647072, 38864]
texture	levels/menu/main_menu_seg7.099D0.rgba16.inc.c	512	[2647072, 39376]
texture	levels/menu/main_menu_seg7.09BD0.rgba16.inc.c	512	[2647072, 39888]
texture	levels/menu/main_menu_seg7.09DD0.rgba16.inc.c	512	[2647072, 40400]
texture	levels/menu/main_menu_seg7.09FD0.rgba16.inc.c	512	[2647072, 40912]
texture	levels/menu/main_menu_seg7.0A1D0.rgba16.inc.c	512	[2647072, 41424]
texture	levels/menu/main_menu_seg7.0A3D0.rgba16.inc.c	512	[2647072, 41936]
texture	levels/menu/main_menu_seg7.0A5D0.rgba16.inc.c	512	[2647072, 42448]
texture	levels/menu/main_menu_seg7.0A7D0.rgba16.inc.c	512	[2647072, 42960]
texture	levels/menu/main_menu_seg7.0A9D0.rgba16.inc.c	512	[2647072, 43472]
texture	levels/menu/main_menu_seg7_eu.0AF80.ia8.inc.c	64	[2647072, 44928]
texture	levels/menu/main_menu_seg7_eu.0B640.ia8.inc.c	64	[2647072, 46656]
texture	levels/menu/main_menu_seg7_eu.0B680.ia8.inc.c	64	[2647072, 46720]
texture	levels/menu/main_menu_seg7_eu.0B840.ia8.inc.c	64	[2647072, 47168]
texture	levels/menu/main_menu_seg7_eu.0B880.ia8.inc.c	64	[2647072, 47232]
texture	levels/menu/main_menu_seg7_eu.0B8C0.ia8.inc.c	64	[2647072, 47296]
texture	levels/menu/main_menu_seg7_eu.0BDA0.rgba16.inc.c	4096	[2647072, 48544]
texture	levels/menu/main_menu_seg7_eu.0CDA0.rgba16.inc.c	4096	[2647072, 52640]
texture	levels/menu/main_menu_seg7_eu.0DDA0.rgba16.inc.c	4096	[2647072, 56736]
texture	levels/menu/main_menu_seg7_eu.0EDA0.rgba16.inc.c	4096	[2647072, 60832]
texture	levels/menu/main_menu_seg7_us.0AC40.ia8.inc.c	64	[2647072, 44096]
texture	levels/menu/main_menu_seg7_us.0AC80.ia8.inc.c	64	[2647072, 44160]
texture	levels/menu/main_menu_seg7_us.0ACC0.ia8.inc.c	64	[2647072, 44224]
texture	levels/menu/main_menu_seg7_us.0AD00.ia8.inc.c	64	[2647072, 44288]
texture	levels/menu/main_menu_seg7_us.0AD40.ia8.inc.c	64	[2647072, 44352]
texture	levels/menu/main_menu_seg7_us.0AD80.ia8.inc.c	64	[2647072, 44416]
texture	levels/menu/main_menu_seg7_us.0ADC0.ia8.inc.c	64	[2647072, 44480]
texture	levels/menu/main_menu_seg7_us.0AE00.ia8.inc.c	64	[2647072, 44544]
texture	levels/menu/main_menu_seg7_us.0AE40.ia8.inc.c	64	[2647072, 44608]
texture	levels/menu/main_menu_seg7_us.0AE80.ia8.inc.c	64	[2647072, 44672]
texture	levels/menu/main_menu_seg7_us.0AEC0.ia8.inc.c	64	[2647072, 44736]
texture	levels/menu/main_menu_seg7_us.0AF00.ia8.inc.c	64	[2647072, 44800]
texture	levels/menu/main_menu_seg7_us.0AF40.ia8.inc.c	64	[2647072, 44864]
texture	levels/menu/main_menu_seg7_us.0AFC0.ia8.inc.c	64	[2647072, 44992]
texture	levels/menu/main_menu_seg7_us.0B000.ia8.inc.c	64	[2647072, 45056]
texture	levels/menu/main_menu_seg7_us.0B040.ia8.inc.c	64	[2647072, 45120]
texture	levels/menu/main_menu_seg7_us.0B080.ia8.inc.c	64	[2647072, 45184]
texture	levels/menu/main_menu_seg7_us.0B0C0.ia8.inc.c	64	[2647072, 45248]
texture	levels/menu/main_menu_seg7_us.0B100.ia8.inc.c	64	[2647072, 45312]
texture	levels/menu/main_menu_seg7_us.0B140.ia8.inc.c	64	[2647072, 45376]
texture	levels/menu/main_menu_seg7_us.0B180.ia8.inc.c	64	[2647072, 45440]
texture	levels/menu/main_menu_seg7_us.0B1C0.ia8.inc.c	64	[2647072, 45504]
texture	levels/menu/main_menu_seg7_us.0B200.ia8.inc.c	64	[2647072, 45568]
texture	levels/menu/main_menu_seg7_us.0B240.ia8.inc.c	64	[2647072, 45632]
texture	levels/menu/main_menu_seg7_us.0B280.ia8.inc.c	64	[2647072, 45696]
texture	levels/menu/main_menu_seg7_us.0B2C0.ia8.inc.c	64	[2647072, 45760]
texture	levels/menu/main_menu_seg7_us.0B300.ia8.inc.c	64	[2647072, 45824]
texture	levels/menu/main_menu_seg7_us.0B340.ia8.inc.c	64	[2647072, 45888]
texture	levels/menu/main_menu_seg7_us.0B380.ia8.inc.c	64	[2647072, 45952]
texture	levels/menu/main_menu_seg7_us.0B3C0.ia8.inc.c	64	[2647072, 46016]
texture	levels/menu/main_menu_seg7_us.0B400.ia8.inc.c	64	[2647072, 46080]
texture	levels/menu/main_menu_seg7_us.0B440.ia8.inc.c	64	[2647072, 46144]
texture	levels/menu/main_menu_seg7_us.0B480.ia8.inc.c	64	[2647072, 46208]
texture	levels/menu/main_menu_seg7_us.0B4C0.ia8.inc.c	64	[2647072, 46272]
texture	levels/menu/main_menu_seg7_us.0B500.ia8.inc.c	64	[2647072, 46336]
texture	levels/menu/main_menu_seg7_us.0B540.ia8.inc.c	64	[2647072, 46400]
texture	levels/menu/main_menu_seg7_us.0B580.ia8.inc.c	64	[2647072, 46464]
texture	levels/menu/main_menu_seg7_us.0B5C0.ia8.inc.c	64	[2647072, 46528]
texture	levels/menu/main_menu_seg7_us.0B600.ia8.inc.c	64	[2647072, 46592]
texture	levels/menu/main_menu_seg7_us.0B6C0.ia8.inc.c	64	[2647072, 46784]
texture	levels/menu/main_menu_seg7_us.0B700.ia8.inc.c	64	[2647072, 46848]
texture	levels/menu/main_menu_seg7_us.0B740.ia8.inc.c	64	[2647072, 46912]
texture	levels/menu/main_menu_seg7_us.0B780.ia8.inc.c	64	[2647072, 46976]
texture	levels/menu/main_menu_seg7_us.0B7C0.ia8.inc.c	64	[2647072, 47040]
texture	levels/menu/main_menu_seg7_us.0B800.ia8.inc.c	64	[2647072, 47104]
texture	levels/pss/0.rgba16.inc.c	2048	[4792384, 0]
texture	levels/pss/1.ia16.inc.c	2048	[4792384, 2048]
texture	levels/pss/2.rgba16.inc.c	2048	[4792384, 4096]
texture	levels/rr/1.rgba16.inc.c	4096	[4295344, 2048]
texture	levels/rr/2.rgba16.inc.c	2048	[4295344, 6144]
texture	levels/rr/quarter_flying_carpet.rgba16.inc.c	2048	[4295344, 0]
texture	levels/sl/0.rgba16.inc.c	2048	[4092400, 0]
texture	levels/sl/1.rgba16.inc.c	2048	[4092400, 2048]
texture	levels/sl/2.rgba16.inc.c	2048	[4092400, 4096]
texture	levels/sl/3.rgba16.inc.c	2048	[4092400, 6144]
texture	levels/sl/4.rgba16.inc.c	2048	[4092400, 8192]
texture	levels/ssl/0.rgba16.inc.c	2048	[3967216, 0]
texture	levels/ssl/1.ia16.inc.c	2048	[3967216, 2048]
texture	levels/ssl/10.rgba16.inc.c	4096	[3967216, 55208]
texture	levels/ssl/11.rgba16.inc.c	4096	[3967216, 59304]
texture	levels/ssl/2.rgba16.inc.c	2048	[3967216, 4096]
texture	levels/ssl/3.rgba16.inc.c	2048	[3967216, 6144]
texture	levels/ssl/4.rgba16.inc.c	2048	[3967216, 8192]
texture	levels/ssl/5.rgba16.inc.c	4096	[3967216, 10240]
texture	levels/ssl/6.rgba16.inc.c	2048	[3967216, 14336]
texture	levels/ssl/7.rgba16.inc.c	2048	[3203760, 32768]
texture	levels/ssl/8.rgba16.inc.c	2048	[3967216, 49064]
texture	levels/ssl/9.rgba16.inc.c	4096	[3967216, 51112]
texture	levels/thi/0.rgba16.inc.c	2048	[4217104, 0]
texture	levels/thi/1.rgba16.inc.c	2048	[4217104, 2048]
texture	levels/totwc/0.rgba16.inc.c	4096	[4854592, 0]
texture	levels/totwc/1.rgba16.inc.c	2048	[4854592, 4096]
texture	levels/totwc/2.rgba16.inc.c	2048	[4854592, 6144]
texture	levels/totwc/3.ia16.inc.c	2048	[4854592, 8192]
texture	levels/ttc/0.rgba16.inc.c	2048	[4252000, 0]
texture	levels/ttc/1.rgba16.inc.c	2048	[4252000, 2048]
texture	levels/ttc/2.rgba16.inc.c	2048	[4252000, 90000]
texture	levels/ttm/0.ia16.inc.c	2048	[4931616, 0]
texture	levels/ttm/1.rgba16.inc.c	2048	[4931616, 2048]
texture	levels/ttm/2.rgba16.inc.c	2048	[4931616, 4096]
texture	levels/ttm/3.rgba16.inc.c	2048	[4931616, 6144]
texture	levels/ttm/4.rgba16.inc.c	2048	[4931616, 8192]
texture	levels/ttm/5.rgba16.inc.c	2048	[4931616, 10240]
texture	levels/ttm/6.rgba16.inc.c	4096	[4931616, 12288]
texture	levels/ttm/7.rgba16.inc.c	4096	[4931616, 16384]
texture	levels/ttm/8.rgba16.inc.c	2048	[3353504, 43008]
texture	levels/vcutm/0.rgba16.inc.c	2048	[4446272, 0]
texture	levels/vcutm/1.rgba16.inc.c	4096	[4446272, 2048]
texture	levels/vcutm/2.rgba16.inc.c	4096	[4446272, 6144]
texture	levels/vcutm/3.rgba16.inc.c	2048	[4446272, 10240]
texture	levels/wdw/0.rgba16.inc.c	2048	[4128688, 0]
texture	levels/wdw/1.rgba16.inc.c	2048	[4128688, 2048]
texture	levels/wdw/2.rgba16.inc.c	2048	[4128688, 4096]
texture	levels/wdw/3.rgba16.inc.c	2048	[4128688, 6144]
texture	levels/wdw/4.rgba16.inc.c	2048	[4128688, 8192]
texture	levels/wf/0.rgba16.inc.c	2048	[4682448, 0]
texture	levels/wf/1.rgba16.inc.c	2048	[4682448, 2048]
texture	levels/wf/2.rgba16.inc.c	2048	[4682448, 4096]
texture	levels/wf/3.rgba16.inc.c	2048	[4682448, 6144]
texture	levels/wf/4.rgba16.inc.c	2048	[4682448, 8192]
texture	levels/wf/5.ia8.inc.c	256	[909712, 30840]
texture	levels/wmotr/0.rgba16.inc.c	2048	[4876848, 0]
texture	levels/wmotr/1.rgba16.inc.c	1024	[4876848, 2048]
texture	levels/wmotr/2.rgba16.inc.c	2048	[4876848, 3072]
texture	levels/wmotr/3.rgba16.inc.c	512	[4876848, 5120]
texture	levels/wmotr/4.rgba16.inc.c	512	[4876848, 5632]
texture	textures/cave/hmc_textures.00000.rgba16.inc.c	4096	[3312784, 0]
texture	textures/cave/hmc_textures.01000.rgba16.inc.c	2048	[3312784, 4096]
texture	textures/cave/hmc_textures.01800.rgba16.inc.c	4096	[3312784, 6144]
texture	textures/cave/hmc_textures.02800.rgba16.inc.c	2048	[3312784, 10240]
texture	textures/cave/hmc_textures.03000.rgba16.inc.c	2048	[3312784, 12288]
texture	textures/cave/hmc_textures.03800.rgba16.inc.c	4096	[3312784, 14336]
texture	textures/cave/hmc_textures.04800.rgba16.inc.c	4096	[3312784, 18432]
texture	textures/cave/hmc_textures.05800.rgba16.inc.c	4096	[3312784, 22528]
texture	textures/cave/hmc_textures.06800.rgba16.inc.c	2048	[3312784, 26624]
texture	textures/cave/hmc_textures.07000.rgba16.inc.c	2048	[3312784, 28672]
texture	textures/cave/hmc_textures.07800.rgba16.inc.c	4096	[3312784, 30720]
texture	textures/cave/hmc_textures.08800.rgba16.inc.c	4096	[3312784, 34816]
texture	textures/cave/hmc_textures.09800.rgba16.inc.c	2048	[3312784, 38912]
texture	textures/cave/hmc_textures.0A000.rgba16.inc.c	2048	[3312784, 40960]
texture	textures/cave/hmc_textures.0A800.rgba16.inc.c	4096	[3312784, 43008]
texture	textures/cave/hmc_textures.0B800.ia16.inc.c	2048	[3312784, 47104]
texture	textures/cave/hmc_textures.0C000.ia16.inc.c	2048	[3178624, 43008]
texture	textures/crash_screen/crash_screen_font.ia1.inc.c	252	[757168]
texture	textures/effect/bubble.06048.rgba16.inc.c	2048	[3475312, 24648]
texture	textures/effect/flower.00008.rgba16.inc.c	2048	[3475312, 8]
texture	textures/effect/flower.00808.rgba16.inc.c	2048	[3475312, 2056]
texture	textures/effect/flower.01008.rgba16.inc.c	2048	[3475312, 4104]
texture	textures/effect/flower.01808.rgba16.inc.c	2048	[3475312, 6152]
texture	textures/effect/lava_bubble.02020.rgba16.inc.c	2048	[3475312, 8224]
texture	textures/effect/lava_bubble.02820.rgba16.inc.c	2048	[3475312, 10272]
texture	textures/effect/lava_bubble.03020.rgba16.inc.c	2048	[3475312, 12320]
texture	textures/effect/lava_bubble.03820.rgba16.inc.c	2048	[3475312, 14368]
texture	textures/effect/lava_bubble.04020.rgba16.inc.c	2048	[3475312, 16416]
texture	textures/effect/lava_bubble.04820.rgba16.inc.c	2048	[3475312, 18464]
texture	textures/effect/lava_bubble.05020.rgba16.inc.c	2048	[3475312, 20512]
texture	textures/effect/lava_bubble.05820.rgba16.inc.c	2048	[3475312, 22560]
texture	textures/effect/tiny_bubble.0684C.rgba16.inc.c	512	[3475312, 26700]
texture	textures/effect/tiny_bubble.06AD8.rgba16.inc.c	512	[3475312, 27352]
texture	textures/fire/lll_textures.00000.rgba16.inc.c	2048	[3142672, 0]
texture	textures/fire/lll_textures.00800.rgba16.inc.c	2048	[3142672, 2048]
texture	textures/fire/lll_textures.01000.rgba16.inc.c	2048	[3142672, 4096]
texture	textures/fire/lll_textures.01800.rgba16.inc.c	2048	[3142672, 6144]
texture	textures/fire/lll_textures.02000.rgba16.inc.c	2048	[3142672, 8192]
texture	textures/fire/lll_textures.02800.rgba16.inc.c	2048	[3142672, 10240]
texture	textures/fire/lll_textures.03000.rgba16.inc.c	2048	[3142672, 12288]
texture	textures/fire/lll_textures.03800.rgba16.inc.c	2048	[3142672, 14336]
texture	textures/fire/lll_textures.04000.rgba16.inc.c	2048	[3142672, 16384]
texture	textures/fire/lll_textures.04800.rgba16.inc.c	2048	[3142672, 18432]
texture	textures/fire/lll_textures.05000.rgba16.inc.c	2048	[3142672, 20480]
texture	textures/fire/lll_textures.05800.rgba16.inc.c	2048	[3142672, 22528]
texture	textures/fire/lll_textures.06000.rgba16.inc.c	2048	[3142672, 24576]
texture	textures/fire/lll_textures.06800.rgba16.inc.c	2048	[3142672, 26624]
texture	textures/fire/lll_textures.07000.rgba16.inc.c	2048	[3142672, 28672]
texture	textures/fire/lll_textures.07800.rgba16.inc.c	2048	[3142672, 30720]
texture	textures/fire/lll_textures.08000.rgba16.inc.c	2048	[3142672, 32768]
texture	textures/fire/lll_textures.08800.rgba16.inc.c	2048	[3142672, 34816]
texture	textures/fire/lll_textures.09000.rgba16.inc.c	2048	[909712, 49528]
texture	textures/fire/lll_textures.09800.rgba16.inc.c	2048	[3142672, 38912]
texture	textures/fire/lll_textures.0A000.rgba16.inc.c	2048	[3142672, 40960]
texture	textures/fire/lll_textures.0A800.rgba16.inc.c	2048	[3142672, 43008]
texture	textures/fire/lll_textures.0B000.rgba16.inc.c	2048	[3142672, 45056]
texture	textures/fire/lll_textures.0B800.rgba16.inc.c	2048	[3142672, 47104]
texture	textures/generic/bob_textures.00000.rgba16.inc.c	2048	[3203760, 0]
texture	textures/generic/bob_textures.00800.rgba16.inc.c	2048	[1206896, 36160]
texture	textures/generic/bob_textures.01000.rgba16.inc.c	2048	[3203760, 4096]
texture	textures/generic/bob_textures.01800.rgba16.inc.c	2048	[3203760, 6144]
texture	textures/generic/bob_textures.02000.rgba16.inc.c	2048	[3203760, 8192]
texture	textures/generic/bob_textures.02800.rgba16.inc.c	2048	[3203760, 10240]
texture	textures/generic/bob_textures.03000.rgba16.inc.c	2048	[3203760, 12288]
texture	textures/generic/bob_textures.03800.rgba16.inc.c	2048	[3203760, 14336]
texture	textures/generic/bob_textures.04000.rgba16.inc.c	2048	[3203760, 16384]
texture	textures/generic/bob_textures.04800.rgba16.inc.c	2048	[3203760, 18432]
texture	textures/generic/bob_textures.05000.rgba16.inc.c	2048	[3203760, 20480]
texture	textures/generic/bob_textures.05800.rgba16.inc.c	2048	[3203760, 22528]
texture	textures/generic/bob_textures.06000.rgba16.inc.c	4096	[3203760, 24576]
texture	textures/generic/bob_textures.07000.rgba16.inc.c	2048	[3203760, 28672]
texture	textures/generic/bob_textures.07800.rgba16.inc.c	2048	[3203760, 30720]
texture	textures/generic/bob_textures.08000.rgba16.inc.c	2048	[3203760, 32768]
texture	textures/generic/bob_textures.08800.rgba16.inc.c	2048	[3203760, 34816]
texture	textures/generic/bob_textures.09000.rgba16.inc.c	2048	[3203760, 36864]
texture	textures/generic/bob_textures.09800.rgba16.inc.c	2048	[3203760, 38912]
texture	textures/generic/bob_textures.0A000.rgba16.inc.c	2048	[3203760, 40960]
texture	textures/generic/bob_textures.0A800.rgba16.inc.c	2048	[3203760, 43008]
texture	textures/generic/bob_textures.0B000.ia16.inc.c	2048	[3203760, 45056]
texture	textures/grass/wf_textures.00000.rgba16.inc.c	2048	[3376528, 0]
texture	textures/grass/wf_textures.00800.rgba16.inc.c	2048	[3376528, 2048]
texture	textures/grass/wf_textures.01000.rgba16.inc.c	2048	[3376528, 4096]
texture	textures/grass/wf_textures.01800.rgba16.inc.c	2048	[3376528, 6144]
texture	textures/grass/wf_textures.02000.rgba16.inc.c	2048	[3376528, 8192]
texture	textures/grass/wf_textures.02800.rgba16.inc.c	2048	[3376528, 10240]
texture	textures/grass/wf_textures.03000.rgba16.inc.c	2048	[3376528, 12288]
texture	textures/grass/wf_textures.03800.rgba16.inc.c	2048	[3376528, 14336]
texture	textures/grass/wf_textures.04000.rgba16.inc.c	2048	[3376528, 16384]
texture	textures/grass/wf_textures.04800.rgba16.inc.c	2048	[3376528, 18432]
texture	textures/grass/wf_textures.05000.rgba16.inc.c	2048	[3376528, 20480]
texture	textures/grass/wf_textures.05800.rgba16.inc.c	2048	[3376528, 22528]
texture	textures/grass/wf_textures.06000.rgba16.inc.c	2048	[3270992, 20480]
texture	textures/grass/wf_textures.06800.rgba16.inc.c	2048	[3376528, 26624]
texture	textures/grass/wf_textures.07000.rgba16.inc.c	2048	[3376528, 28672]
texture	textures/grass/wf_textures.07800.rgba16.inc.c	2048	[3376528, 30720]
texture	textures/grass/wf_textures.08000.rgba16.inc.c	2048	[3376528, 32768]
texture	textures/grass/wf_textures.08800.rgba16.inc.c	2048	[3376528, 34816]
texture	textures/grass/wf_textures.09000.rgba16.inc.c	2048	[3376528, 36864]
texture	textures/grass/wf_textures.09800.rgba16.inc.c	2048	[3376528, 38912]
texture	textures/grass/wf_textures.0A000.rgba16.inc.c	2048	[3376528, 40960]
texture	textures/grass/wf_textures.0A800.rgba16.inc.c	2048	[3376528, 43008]
texture	textures/grass/wf_textures.0B000.ia16.inc.c	2048	[3203760, 45056]
texture	textures/grass/wf_textures.0B800.ia16.inc.c	2048	[3376528, 47104]
texture	textures/inside/inside_castle_textures.00000.rgba16.inc.c	4096	[3435456, 0]
texture	textures/inside/inside_castle_textures.01000.rgba16.inc.c	4096	[3435456, 4096]
texture	textures/inside/inside_castle_textures.02000.rgba16.inc.c	4096	[3435456, 8192]
texture	textures/inside/inside_castle_textures.03000.rgba16.inc.c	2048	[3435456, 12288]
texture	textures/inside/inside_castle_textures.03800.rgba16.inc.c	2048	[3435456, 14336]
texture	textures/inside/inside_castle_textures.04000.rgba16.inc.c	2048	[3435456, 16384]
texture	textures/inside/inside_castle_textures.04800.rgba16.inc.c	2048	[3340704, 2048]
texture	textures/inside/inside_castle_textures.05000.rgba16.inc.c	2048	[3435456, 20480]
texture	textures/inside/inside_castle_textures.05800.rgba16.inc.c	2048	[3435456, 22528]
texture	textures/inside/inside_castle_textures.06000.rgba16.inc.c	4096	[3435456, 24576]
texture	textures/inside/inside_castle_textures.07000.rgba16.inc.c	4096	[3435456, 28672]
texture	textures/inside/inside_castle_textures.08000.rgba16.inc.c	2048	[3435456, 32768]
texture	textures/inside/inside_castle_textures.08800.rgba16.inc.c	2048	[3435456, 34816]
texture	textures/inside/inside_castle_textures.09000.rgba16.inc.c	4096	[3435456, 36864]
texture	textures/inside/inside_castle_textures.0A000.rgba16.inc.c	4096	[3435456, 40960]
texture	textures/inside/inside_castle_textures.0B000.rgba16.inc.c	2048	[3435456, 45056]
texture	textures/inside/inside_castle_textures.0B800.rgba16.inc.c	4096	[3435456, 47104]
texture	textures/intro_raw/hand_closed.rgba16.inc.c	2048	[2331912]
texture	textures/intro_raw/hand_open.rgba16.inc.c	2048	[2329856]
texture	textures/intro_raw/mario_face_shine.ia8.inc.c	1024	[2380496]
texture	textures/intro_raw/red_star_0.rgba16.inc.c	2048	[2333960]
texture	textures/intro_raw/red_star_1.rgba16.inc.c	2048	[2336008]
texture	textures/intro_raw/red_star_2.rgba16.inc.c	2048	[2338056]
texture	textures/intro_raw/red_star_3.rgba16.inc.c	2048	[2340104]
texture	textures/intro_raw/red_star_4.rgba16.inc.c	2048	[2342152]
texture	textures/intro_raw/red_star_5.rgba16.inc.c	2048	[2344200]
texture	textures/intro_raw/red_star_6.rgba16.inc.c	2048	[2346248]
texture	textures/intro_raw/red_star_7.rgba16.inc.c	2048	[2348296]
texture	textures/intro_raw/sparkle_0.rgba16.inc.c	2048	[2367496]
texture	textures/intro_raw/sparkle_1.rgba16.inc.c	2048	[2369544]
texture	textures/intro_raw/sparkle_2.rgba16.inc.c	2048	[2371592]
texture	textures/intro_raw/sparkle_3.rgba16.inc.c	2048	[2373640]
texture	textures/intro_raw/sparkle_4.rgba16.inc.c	2048	[2375688]
texture	textures/intro_raw/sparkle_5.rgba16.inc.c	2048	[2377736]
texture	textures/intro_raw/white_star_0.rgba16.inc.c	2048	[2350344]
texture	textures/intro_raw/white_star_1.rgba16.inc.c	2048	[2352392]
texture	textures/intro_raw/white_star_2.rgba16.inc.c	2048	[2354440]
texture	textures/intro_raw/white_star_3.rgba16.inc.c	2048	[2356488]
texture	textures/intro_raw/white_star_4.rgba16.inc.c	2048	[2358536]
texture	textures/intro_raw/white_star_5.rgba16.inc.c	2048	[2360584]
texture	textures/intro_raw/white_star_6.rgba16.inc.c	2048	[2362632]
texture	textures/intro_raw/white_star_7.rgba16.inc.c	2048	[2364680]
texture	textures/machine/ttc_textures.00000.rgba16.inc.c	2048	[3340704, 0]
texture	textures/machine/ttc_textures.00800.rgba16.inc.c	2048	[3340704, 2048]
texture	textures/machine/ttc_textures.01000.rgba16.inc.c	2048	[3340704, 4096]
texture	textures/machine/ttc_textures.01800.rgba16.inc.c	2048	[3340704, 6144]
texture	textures/machine/ttc_textures.02000.rgba16.inc.c	2048	[3340704, 8192]
texture	textures/machine/ttc_textures.02800.rgba16.inc.c	2048	[3340704, 10240]
texture	textures/machine/ttc_textures.03000.rgba16.inc.c	2048	[3340704, 12288]
texture	textures/machine/ttc_textures.03800.rgba16.inc.c	2048	[3340704, 14336]
texture	textures/machine/ttc_textures.04000.rgba16.inc.c	4096	[3340704, 16384]
texture	textures/machine/ttc_textures.05000.rgba16.inc.c	2048	[3340704, 20480]
texture	textures/machine/ttc_textures.05800.rgba16.inc.c	2048	[3340704, 22528]
texture	textures/machine/ttc_textures.06000.rgba16.inc.c	2048	[3340704, 24576]
texture	textures/machine/ttc_textures.06800.rgba16.inc.c	2048	[3340704, 26624]
texture	textures/machine/ttc_textures.07000.rgba16.inc.c	2048	[3340704, 28672]
texture	textures/machine/ttc_textures.07800.rgba16.inc.c	2048	[3340704, 30720]
texture	textures/machine/ttc_textures.08000.rgba16.inc.c	1024	[3340704, 32768]
texture	textures/machine/ttc_textures.08400.rgba16.inc.c	2048	[3340704, 33792]
texture	textures/mountain/ttm_textures.00000.rgba16.inc.c	2048	[3353504, 0]
texture	textures/mountain/ttm_textures.00800.rgba16.inc.c	4096	[3353504, 2048]
texture	textures/mountain/ttm_textures.01800.rgba16.inc.c	4096	[3353504, 6144]
texture	textures/mountain/ttm_textures.02800.rgba16.inc.c	2048	[3353504, 10240]
texture	textures/mountain/ttm_textures.03000.rgba16.inc.c	2048	[3353504, 12288]
texture	textures/mountain/ttm_textures.03800.rgba16.inc.c	2048	[3353504, 14336]
texture	textures/mountain/ttm_textures.04000.rgba16.inc.c	2048	[3353504, 16384]
texture	textures/mountain/ttm_textures.04800.rgba16.inc.c	2048	[3353504, 18432]
texture	textures/mountain/ttm_textures.05000.rgba16.inc.c	2048	[3353504, 20480]
texture	textures/mountain/ttm_textures.05800.rgba16.inc.c	4096	[3353504, 22528]
texture	textures/mountain/ttm_textures.06800.rgba16.inc.c	2048	[3353504, 26624]
texture	textures/mountain/ttm_textures.07000.rgba16.inc.c	2048	[3353504, 28672]
texture	textures/mountain/ttm_textures.07800.rgba16.inc.c	2048	[3353504, 30720]
texture	textures/mountain/ttm_textures.08000.rgba16.inc.c	2048	[3353504, 32768]
texture	textures/mountain/ttm_textures.08800.rgba16.inc.c	4096	[3353504, 34816]
texture	textures/mountain/ttm_textures.09800.rgba16.inc.c	2048	[3353504, 38912]
texture	textures/mountain/ttm_textures.0A000.rgba16.inc.c	2048	[3270992, 24576]
texture	textures/mountain/ttm_textures.0A800.rgba16.inc.c	2048	[3353504, 43008]
texture	textures/mountain/ttm_textures.0B000.rgba16.inc.c	2048	[3353504, 45056]
texture	textures/mountain/ttm_textures.0B800.rgba16.inc.c	2048	[3353504, 47104]
texture	textures/mountain/ttm_textures.0C000.rgba16.inc.c	2048	[3353504, 49152]
texture	textures/outside/castle_grounds_textures.00000.rgba16.inc.c	2048	[3407696, 0]
texture	textures/outside/castle_grounds_textures.00800.rgba16.inc.c	2048	[3407696, 2048]
texture	textures/outside/castle_grounds_textures.01000.rgba16.inc.c	4096	[3407696, 4096]
texture	textures/outside/castle_grounds_textures.02000.rgba16.inc.c	4096	[3407696, 8192]
texture	textures/outside/castle_grounds_textures.03000.rgba16.inc.c	2048	[3407696, 12288]
texture	textures/outside/castle_grounds_textures.03800.rgba16.inc.c	2048	[3407696, 14336]
texture	textures/outside/castle_grounds_textures.04000.rgba16.inc.c	2048	[3407696, 16384]
texture	textures/outside/castle_grounds_textures.04800.rgba16.inc.c	4096	[3407696, 18432]
texture	textures/outside/castle_grounds_textures.05800.rgba16.inc.c	2048	[3407696, 22528]
texture	textures/outside/castle_grounds_textures.06000.rgba16.inc.c	2048	[3407696, 24576]
texture	textures/outside/castle_grounds_textures.06800.rgba16.inc.c	4096	[3407696, 26624]
texture	textures/outside/castle_grounds_textures.07800.rgba16.inc.c	2048	[3407696, 30720]
texture	textures/outside/castle_grounds_textures.08000.rgba16.inc.c	2048	[3407696, 32768]
texture	textures/outside/castle_grounds_textures.08800.rgba16.inc.c	2048	[3407696, 34816]
texture	textures/outside/castle_grounds_textures.09000.rgba16.inc.c	2048	[3407696, 36864]
texture	textures/outside/castle_grounds_textures.09800.rgba16.inc.c	2048	[3407696, 38912]
texture	textures/outside/castle_grounds_textures.0A000.rgba16.inc.c	2048	[3407696, 40960]
texture	textures/outside/castle_grounds_textures.0A800.rgba16.inc.c	2048	[3407696, 43008]
texture	textures/outside/castle_grounds_textures.0B000.rgba16.inc.c	1024	[3407696, 45056]
texture	textures/outside/castle_grounds_textures.0B400.rgba16.inc.c	2048	[3407696, 46080]
texture	textures/outside/castle_grounds_textures.0BC00.ia16.inc.c	2048	[3203760, 45056]
texture	textures/segment2/font_graphics.05F00.ia1.inc.c	16	[909712, 24320]
texture	textures/segment2/font_graphics.05F10.ia1.inc.c	16	[909712, 24336]
texture	textures/segment2/font_graphics.05F20.ia1.inc.c	16	[909712, 24352]
texture	textures/segment2/font_graphics.05F30.ia1.inc.c	16	[909712, 24368]
texture	textures/segment2/font_graphics.05F40.ia1.inc.c	16	[909712, 24384]
texture	textures/segment2/font_graphics.05F50.ia1.inc.c	16	[909712, 24400]
texture	textures/segment2/font_graphics.05F60.ia1.inc.c	16	[909712, 24416]
texture	textures/segment2/font_graphics.05F70.ia1.inc.c	16	[909712, 24432]
texture	textures/segment2/font_graphics.05F80.ia1.inc.c	16	[909712, 24448]
texture	textures/segment2/font_graphics.05F90.ia1.inc.c	16	[909712, 24464]
texture	textures/segment2/font_graphics.05FA0.ia1.inc.c	16	[909712, 24480]
texture	textures/segment2/font_graphics.05FB0.ia1.inc.c	16	[909712, 24496]
texture	textures/segment2/font_graphics.05FC0.ia1.inc.c	16	[909712, 24512]
texture	textures/segment2/font_graphics.05FD0.ia1.inc.c	16	[909712, 24528]
texture	textures/segment2/font_graphics.05FE0.ia1.inc.c	16	[909712, 24544]
texture	textures/segment2/font_graphics.05FF0.ia1.inc.c	16	[909712, 24560]
texture	textures/segment2/font_graphics.06000.ia1.inc.c	16	[909712, 24576]
texture	textures/segment2/font_graphics.06010.ia1.inc.c	16	[909712, 24592]
texture	textures/segment2/font_graphics.06020.ia1.inc.c	16	[909712, 24608]
texture	textures/segment2/font_graphics.06030.ia1.inc.c	16	[909712, 24624]
texture	textures/segment2/font_graphics.06040.ia1.inc.c	16	[909712, 24640]
texture	textures/segment2/font_graphics.06050.ia1.inc.c	16	[909712, 24656]
texture	textures/segment2/font_graphics.06060.ia1.inc.c	16	[909712, 24672]
texture	textures/segment2/font_graphics.06070.ia1.inc.c	16	[909712, 24688]
texture	textures/segment2/font_graphics.06080.ia1.inc.c	16	[909712, 24704]
texture	textures/segment2/font_graphics.06090.ia1.inc.c	16	[909712, 24720]
texture	textures/segment2/font_graphics.060A0.ia1.inc.c	16	[909712, 24736]
texture	textures/segment2/font_graphics.060B0.ia1.inc.c	16	[909712, 24752]
texture	textures/segment2/font_graphics.060C0.ia1.inc.c	16	[909712, 24768]
texture	textures/segment2/font_graphics.060D0.ia1.inc.c	16	[909712, 24784]
texture	textures/segment2/font_graphics.060E0.ia1.inc.c	16	[909712, 24800]
texture	textures/segment2/font_graphics.060F0.ia1.inc.c	16	[909712, 24816]
texture	textures/segment2/font_graphics.06100.ia1.inc.c	16	[909712, 24832]
texture	textures/segment2/font_graphics.06110.ia1.inc.c	16	[909712, 24848]
texture	textures/segment2/font_graphics.06120.ia1.inc.c	16	[909712, 24864]
texture	textures/segment2/font_graphics.06130.ia1.inc.c	16	[909712, 24880]
texture	textures/segment2/font_graphics.06140.ia1.inc.c	16	[909712, 24896]
texture	textures/segment2/font_graphics.06150.ia1.inc.c	16	[909712, 24912]
texture	textures/segment2/font_graphics.06160.ia1.inc.c	16	[909712, 24928]
texture	textures/segment2/font_graphics.06170.ia1.inc.c	16	[909712, 24944]
texture	textures/segment2/font_graphics.06180.ia1.inc.c	16	[909712, 24960]
texture	textures/segment2/font_graphics.06190.ia1.inc.c	16	[909712, 24976]
texture	textures/segment2/font_graphics.061A0.ia1.inc.c	16	[909712, 24992]
texture	textures/segment2/font_graphics.061B0.ia1.inc.c	16	[909712, 25008]
texture	textures/segment2/font_graphics.061C0.ia1.inc.c	16	[909712, 25024]
texture	textures/segment2/font_graphics.061D0.ia1.inc.c	16	[909712, 25040]
texture	textures/segment2/font_graphics.061E0.ia1.inc.c	16	[909712, 25056]
texture	textures/segment2/font_graphics.061F0.ia1.inc.c	16	[909712, 25072]
texture	textures/segment2/font_graphics.06200.ia1.inc.c	16	[909712, 25088]
texture	textures/segment2/font_graphics.06210.ia1.inc.c	16	[909712, 25104]
texture	textures/segment2/font_graphics.06220.ia1.inc.c	16	[909712, 25120]
texture	textures/segment2/font_graphics.06230.ia1.inc.c	16	[909712, 25136]
texture	textures/segment2/font_graphics.06240.ia1.inc.c	16	[909712, 25152]
texture	textures/segment2/font_graphics.06250.ia1.inc.c	16	[909712, 25168]
texture	textures/segment2/font_graphics.06260.ia1.inc.c	16	[909712, 25184]
texture	textures/segment2/font_graphics.06270.ia1.inc.c	16	[909712, 25200]
texture	textures/segment2/font_graphics.06280.ia1.inc.c	16	[909712, 25216]
texture	textures/segment2/font_graphics.06290.ia1.inc.c	16	[909712, 25232]
texture	textures/segment2/font_graphics.062A0.ia1.inc.c	16	[909712, 25248]
texture	textures/segment2/font_graphics.062B0.ia1.inc.c	16	[909712, 25264]
texture	textures/segment2/font_graphics.062C0.ia1.inc.c	16	[909712, 25280]
texture	textures/segment2/font_graphics.062D0.ia1.inc.c	16	[909712, 25296]
texture	textures/segment2/font_graphics.062E0.ia1.inc.c	16	[909712, 25312]
texture	textures/segment2/font_graphics.062F0.ia1.inc.c	16	[909712, 25328]
texture	textures/segment2/font_graphics.06300.ia1.inc.c	16	[909712, 25344]
texture	textures/segment2/font_graphics.06310.ia1.inc.c	16	[909712, 25360]
texture	textures/segment2/font_graphics.06320.ia1.inc.c	16	[909712, 25376]
texture	textures/segment2/font_graphics.06330.ia1.inc.c	16	[909712, 25392]
texture	textures/segment2/font_graphics.06340.ia1.inc.c	16	[909712, 25408]
texture	textures/segment2/font_graphics.06350.ia1.inc.c	16	[909712, 25424]
texture	textures/segment2/font_graphics.06360.ia1.inc.c	16	[909712, 25440]
texture	textures/segment2/font_graphics.06370.ia1.inc.c	16	[909712, 25456]
texture	textures/segment2/font_graphics.06380.ia1.inc.c	16	[909712, 25472]
texture	textures/segment2/font_graphics.06390.ia1.inc.c	16	[909712, 25488]
texture	textures/segment2/font_graphics.063A0.ia1.inc.c	16	[909712, 25504]
texture	textures/segment2/font_graphics.063B0.ia1.inc.c	16	[909712, 25520]
texture	textures/segment2/font_graphics.063C0.ia1.inc.c	16	[909712, 25536]
texture	textures/segment2/font_graphics.063D0.ia1.inc.c	16	[909712, 25552]
texture	textures/segment2/font_graphics.063E0.ia1.inc.c	16	[909712, 25568]
texture	textures/segment2/font_graphics.063F0.ia1.inc.c	16	[909712, 25584]
texture	textures/segment2/font_graphics.06400.ia1.inc.c	16	[909712, 25600]
texture	textures/segment2/font_graphics.06410.ia1.inc.c	16	[909712, 25616]
texture	textures/segment2/font_graphics.06420.ia1.inc.c	16	[909712, 25632]
texture	textures/segment2/font_graphics.06430.ia1.inc.c	16	[909712, 25648]
texture	textures/segment2/font_graphics.06440.ia1.inc.c	16	[909712, 25664]
texture	textures/segment2/font_graphics.06450.ia1.inc.c	16	[909712, 25680]
texture	textures/segment2/font_graphics.06460.ia1.inc.c	16	[909712, 25696]
texture	textures/segment2/font_graphics.06470.ia1.inc.c	16	[909712, 25712]
texture	textures/segment2/font_graphics.06480.ia1.inc.c	16	[909712, 25728]
texture	textures/segment2/font_graphics.06490.ia1.inc.c	16	[909712, 25744]
texture	textures/segment2/font_graphics.064A0.ia1.inc.c	16	[909712, 25760]
texture	textures/segment2/font_graphics.064B0.ia1.inc.c	16	[909712, 25776]
texture	textures/segment2/font_graphics.064C0.ia1.inc.c	16	[909712, 25792]
texture	textures/segment2/font_graphics.064D0.ia1.inc.c	16	[909712, 25808]
texture	textures/segment2/font_graphics.064E0.ia1.inc.c	16	[909712, 25824]
texture	textures/segment2/font_graphics.064F0.ia1.inc.c	16	[909712, 25840]
texture	textures/segment2/font_graphics.06500.ia1.inc.c	16	[909712, 25856]
texture	textures/segment2/font_graphics.06510.ia1.inc.c	16	[909712, 25872]
texture	textures/segment2/font_graphics.06520.ia1.inc.c	16	[909712, 25888]
texture	textures/segment2/font_graphics.06530.ia1.inc.c	16	[909712, 25904]
texture	textures/segment2/segment2.00000.rgba16.inc.c	512	[909712, 0]
texture	textures/segment2/segment2.00200.rgba16.inc.c	512	[909712, 512]
texture	textures/segment2/segment2.00400.rgba16.inc.c	512	[909712, 1024]
texture	textures/segment2/segment2.00600.rgba16.inc.c	512	[909712, 1536]
texture	textures/segment2/segment2.00800.rgba16.inc.c	512	[909712, 2048]
texture	textures/segment2/segment2.00A00.rgba16.inc.c	512	[909712, 2560]
texture	textures/segment2/segment2.00C00.rgba16.inc.c	512	[909712, 3072]
texture	textures/segment2/segment2.00E00.rgba16.inc.c	512	[909712, 3584]
texture	textures/segment2/segment2.01000.rgba16.inc.c	512	[909712, 4096]
texture	textures/segment2/segment2.01200.rgba16.inc.c	512	[909712, 4608]
texture	textures/segment2/segment2.01400.rgba16.inc.c	512	[909712, 5120]
texture	textures/segment2/segment2.01600.rgba16.inc.c	512	[909712, 5632]
texture	textures/segment2/segment2.01800.rgba16.inc.c	512	[909712, 6144]
texture	textures/segment2/segment2.01A00.rgba16.inc.c	512	[909712, 6656]
texture	textures/segment2/segment2.01C00.rgba16.inc.c	512	[909712, 7168]
texture	textures/segment2/segment2.01E00.rgba16.inc.c	512	[909712, 7680]
texture	textures/segment2/segment2.02000.rgba16.inc.c	512	[909712, 8192]
texture	textures/segment2/segment2.02200.rgba16.inc.c	512	[909712, 8704]
texture	textures/segment2/segment2.02400.rgba16.inc.c	512	[909712, 9216]
texture	textures/segment2/segment2.02800.rgba16.inc.c	512	[909712, 9728]
texture	textures/segment2/segment2.02A00.rgba16.inc.c	512	[909712, 10240]
texture	textures/segment2/segment2.02C00.rgba16.inc.c	512	[909712, 10752]
texture	textures/segment2/segment2.02E00.rgba16.inc.c	512	[909712, 11264]
texture	textures/segment2/segment2.03000.rgba16.inc.c	512	[909712, 11776]
texture	textures/segment2/segment2.03200.rgba16.inc.c	512	[909712, 12288]
texture	textures/segment2/segment2.03600.rgba16.inc.c	512	[909712, 12800]
texture	textures/segment2/segment2.03800.rgba16.inc.c	512	[909712, 13312]
texture	textures/segment2/segment2.03A00.rgba16.inc.c	512	[909712, 13824]
texture	textures/segment2/segment2.03C00.rgba16.inc.c	512	[909712, 14336]
texture	textures/segment2/segment2.03E00.rgba16.inc.c	512	[909712, 14848]
texture	textures/segment2/segment2.04000.rgba16.inc.c	512	[909712, 15360]
texture	textures/segment2/segment2.04400.rgba16.inc.c	512	[909712, 15872]
texture	textures/segment2/segment2.04600.rgba16.inc.c	512	[909712, 16384]
texture	textures/segment2/segment2.04800.rgba16.inc.c	512	[909712, 16896]
texture	textures/segment2/segment2.04A00.rgba16.inc.c	512	[909712, 17408]
texture	textures/segment2/segment2.05600.rgba16.inc.c	512	[909712, 18432]
texture	textures/segment2/segment2.05800.rgba16.inc.c	512	[909712, 18944]
texture	textures/segment2/segment2.05A00.rgba16.inc.c	512	[909712, 19456]
texture	textures/segment2/segment2.05C00.rgba16.inc.c	512	[909712, 19968]
texture	textures/segment2/segment2.06200.rgba16.inc.c	128	[909712, 20480]
texture	textures/segment2/segment2.06280.rgba16.inc.c	128	[909712, 20608]
texture	textures/segment2/segment2.06300.rgba16.inc.c	128	[909712, 20736]
texture	textures/segment2/segment2.06380.rgba16.inc.c	128	[909712, 20864]
texture	textures/segment2/segment2.06400.rgba16.inc.c	128	[909712, 20992]
texture	textures/segment2/segment2.06480.rgba16.inc.c	128	[909712, 21120]
texture	textures/segment2/segment2.06500.rgba16.inc.c	128	[909712, 21248]
texture	textures/segment2/segment2.06580.rgba16.inc.c	128	[909712, 21376]
texture	textures/segment2/segment2.06600.rgba16.inc.c	128	[909712, 21504]
texture	textures/segment2/segment2.06680.rgba16.inc.c	128	[909712, 21632]
texture	textures/segment2/segment2.06700.rgba16.inc.c	128	[909712, 21760]
texture	textures/segment2/segment2.06780.rgba16.inc.c	128	[909712, 21888]
texture	textures/segment2/segment2.06800.rgba16.inc.c	128	[909712, 22016]
texture	textures/segment2/segment2.06880.rgba16.inc.c	128	[909712, 22144]
texture	textures/segment2/segment2.06900.rgba16.inc.c	128	[909712, 22272]
texture	textures/segment2/segment2.06980.rgba16.inc.c	128	[909712, 22400]
texture	textures/segment2/segment2.06A00.rgba16.inc.c	128	[909712, 22528]
texture	textures/segment2/segment2.06A80.rgba16.inc.c	128	[909712, 22656]
texture	textures/segment2/segment2.06B00.rgba16.inc.c	128	[909712, 22784]
texture	textures/segment2/segment2.06B80.rgba16.inc.c	128	[909712, 22912]
texture	textures/segment2/segment2.06C00.rgba16.inc.c	128	[909712, 23040]
texture	textures/segment2/segment2.06C80.rgba16.inc.c	128	[909712, 23168]
texture	textures/segment2/segment2.06D00.rgba16.inc.c	128	[909712, 23296]
texture	textures/segment2/segment2.06D80.rgba16.inc.c	128	[909712, 23424]
texture	textures/segment2/segment2.06E00.rgba16.inc.c	128	[909712, 23552]
texture	textures/segment2/segment2.06E80.rgba16.inc.c	128	[909712, 23680]
texture	textures/segment2/segment2.06F00.rgba16.inc.c	128	[909712, 23808]
texture	textures/segment2/segment2.06F80.rgba16.inc.c	128	[909712, 23936]
texture	textures/segment2/segment2.07000.rgba16.inc.c	128	[909712, 24064]
texture	textures/segment2/segment2.07080.rgba16.inc.c	128	[909712, 24192]
texture	textures/segment2/segment2.07B50.rgba16.inc.c	512	[909712, 25920]
texture	textures/segment2/segment2.07D50.rgba16.inc.c	512	[909712, 26432]
texture	textures/segment2/segment2.07F50.rgba16.inc.c	512	[909712, 26944]
texture	textures/segment2/segment2.08150.rgba16.inc.c	128	[909712, 27456]
texture	textures/segment2/segment2.081D0.rgba16.inc.c	128	[909712, 27584]
texture	textures/segment2/segment2.0F458.ia8.inc.c	2048	[909712, 31096]
texture	textures/segment2/segment2.0FC58.ia8.inc.c	2048	[909712, 33144]
texture	textures/segment2/segment2.10458.ia8.inc.c	4096	[909712, 35192]
texture	textures/segment2/segment2.11458.ia8.inc.c	2048	[909712, 39288]
texture	textures/segment2/segment2.11C58.rgba16.inc.c	2048	[909712, 41336]
texture	textures/segment2/segment2.12458.rgba16.inc.c	2048	[909712, 43384]
texture	textures/segment2/segment2.12C58.rgba16.inc.c	2048	[909712, 45432]
texture	textures/segment2/segment2.13458.ia16.inc.c	2048	[909712, 47480]
texture	textures/segment2/segment2.13C58.rgba16.inc.c	2048	[909712, 49528]
texture	textures/segment2/segment2.14838.ia8.inc.c	64	[909712, 52568]
texture	textures/segment2/segment2.umlaut.rgba16.inc.c	512	[909712, 17920]
texture	textures/segment2/shadow_quarter_circle.ia8.inc.c	256	[909712, 30584]
texture	textures/segment2/shadow_quarter_square.ia8.inc.c	256	[909712, 30840]
texture	textures/sky/metal_hole.rgba16.inc.c	2048	[3270992, 26624]
texture	textures/sky/rr_textures.00000.rgba16.inc.c	2048	[3270992, 0]
texture	textures/sky/rr_textures.00800.rgba16.inc.c	2048	[3270992, 2048]
texture	textures/sky/rr_textures.01000.rgba16.inc.c	2048	[3270992, 4096]
texture	textures/sky/rr_textures.01800.rgba16.inc.c	2048	[3270992, 6144]
texture	textures/sky/rr_textures.02000.rgba16.inc.c	4096	[3270992, 8192]
texture	textures/sky/rr_textures.03000.rgba16.inc.c	2048	[3270992, 12288]
texture	textures/sky/rr_textures.03800.rgba16.inc.c	4096	[3270992, 14336]
texture	textures/sky/rr_textures.04800.rgba16.inc.c	2048	[3270992, 18432]
texture	textures/sky/rr_textures.05000.rgba16.inc.c	2048	[3270992, 20480]
texture	textures/sky/rr_textures.05800.rgba16.inc.c	2048	[3270992, 22528]
texture	textures/sky/rr_textures.06000.rgba16.inc.c	2048	[3270992, 24576]
texture	textures/sky/rr_textures.07000.rgba16.inc.c	2048	[3270992, 28672]
texture	textures/sky/rr_textures.07800.rgba16.inc.c	2048	[3270992, 30720]
texture	textures/sky/rr_textures.08000.rgba16.inc.c	2048	[3270992, 32768]
texture	textures/snow/ccm_textures.00000.rgba16.inc.c	2048	[3285888, 0]
texture	textures/snow/ccm_textures.00800.rgba16.inc.c	2048	[3285888, 2048]
texture	textures/snow/ccm_textures.01000.rgba16.inc.c	4096	[3285888, 4096]
texture	textures/snow/ccm_textures.02000.rgba16.inc.c	2048	[3285888, 8192]
texture	textures/snow/ccm_textures.02800.rgba16.inc.c	2048	[3285888, 10240]
texture	textures/snow/ccm_textures.03000.rgba16.inc.c	2048	[3285888, 12288]
texture	textures/snow/ccm_textures.03800.rgba16.inc.c	2048	[3285888, 14336]
texture	textures/snow/ccm_textures.04000.rgba16.inc.c	2048	[3285888, 16384]
texture	textures/snow/ccm_textures.04800.rgba16.inc.c	2048	[3285888, 18432]
texture	textures/snow/ccm_textures.05000.rgba16.inc.c	2048	[3285888, 20480]
texture	textures/snow/ccm_textures.05800.rgba16.inc.c	2048	[3285888, 22528]
texture	textures/snow/ccm_textures.06000.rgba16.inc.c	2048	[3285888, 24576]
texture	textures/snow/ccm_textures.06800.rgba16.inc.c	2048	[3285888, 26624]
texture	textures/snow/ccm_textures.07000.rgba16.inc.c	4096	[3285888, 28672]
texture	textures/snow/ccm_textures.08000.rgba16.inc.c	2048	[3285888, 32768]
texture	textures/snow/ccm_textures.08800.rgba16.inc.c	2048	[3285888, 34816]
texture	textures/snow/ccm_textures.09000.ia16.inc.c	2048	[3285888, 36864]
texture	textures/snow/ccm_textures.09800.ia16.inc.c	2048	[3285888, 38912]
texture	textures/spooky/bbh_textures.00000.rgba16.inc.c	2048	[3178624, 0]
texture	textures/spooky/bbh_textures.00800.rgba16.inc.c	4096	[3178624, 2048]
texture	textures/spooky/bbh_textures.01800.rgba16.inc.c	4096	[3178624, 6144]
texture	textures/spooky/bbh_textures.02800.rgba16.inc.c	4096	[3178624, 10240]
texture	textures/spooky/bbh_textures.03800.rgba16.inc.c	4096	[3178624, 14336]
texture	textures/spooky/bbh_textures.04800.rgba16.inc.c	2048	[3178624, 18432]
texture	textures/spooky/bbh_textures.05000.rgba16.inc.c	4096	[3178624, 20480]
texture	textures/spooky/bbh_textures.06000.rgba16.inc.c	2048	[3178624, 24576]
texture	textures/spooky/bbh_textures.06800.rgba16.inc.c	2048	[3178624, 26624]
texture	textures/spooky/bbh_textures.07000.rgba16.inc.c	4096	[3178624, 28672]
texture	textures/spooky/bbh_textures.08000.rgba16.inc.c	2048	[3178624, 32768]
texture	textures/spooky/bbh_textures.08800.rgba16.inc.c	2048	[3178624, 34816]
texture	textures/spooky/bbh_textures.09000.rgba16.inc.c	4096	[3178624, 36864]
texture	textures/spooky/bbh_textures.0A000.rgba16.inc.c	2048	[1341504, 49800]
texture	textures/spooky/bbh_textures.0A800.ia16.inc.c	2048	[3178624, 43008]
texture	textures/spooky/bbh_textures.0B000.ia16.inc.c	2048	[3178624, 45056]
texture	textures/spooky/bbh_textures.0B800.ia16.inc.c	4096	[3178624, 47104]
texture	textures/title_screen_bg/title_screen_bg.001C0.rgba16.inc.c	3200	[2426672, 448]
texture	textures/title_screen_bg/title_screen_bg.00E40.rgba16.inc.c	3200	[2426672, 3648]
texture	textures/title_screen_bg/title_screen_bg.01AC0.rgba16.inc.c	3200	[2426672, 6848]
texture	textures/title_screen_bg/title_screen_bg.02740.rgba16.inc.c	3200	[2426672, 10048]
texture	textures/title_screen_bg/title_screen_bg.033C0.rgba16.inc.c	3200	[2426672, 13248]
texture	textures/title_screen_bg/title_screen_bg.04040.rgba16.inc.c	3200	[2426672, 16448]
texture	textures/title_screen_bg/title_screen_bg.04CC0.rgba16.inc.c	3200	[2426672, 19648]
texture	textures/title_screen_bg/title_screen_bg.05940.rgba16.inc.c	3200	[2426672, 22848]
texture	textures/water/jrb_textures.00000.rgba16.inc.c	2048	[3235184, 0]
texture	textures/water/jrb_textures.00800.rgba16.inc.c	4096	[3235184, 2048]
texture	textures/water/jrb_textures.01800.rgba16.inc.c	4096	[3235184, 6144]
texture	textures/water/jrb_textures.02800.rgba16.inc.c	4096	[3235184, 10240]
texture	textures/water/jrb_textures.03800.rgba16.inc.c	4096	[3235184, 14336]
texture	textures/water/jrb_textures.04800.rgba16.inc.c	4096	[3235184, 18432]
texture	textures/water/jrb_textures.05800.rgba16.inc.c	2048	[3235184, 22528]
texture	textures/water/jrb_textures.06000.rgba16.inc.c	2048	[3235184, 24576]
texture	textures/water/jrb_textures.06800.rgba16.inc.c	4096	[3235184, 26624]
texture	textures/water/jrb_textures.07800.rgba16.inc.c	4096	[3235184, 30720]
texture	textures/water/jrb_textures.08800.rgba16.inc.c	2048	[3235184, 34816]
texture	textures/water/jrb_textures.09000.rgba16.inc.c	4096	[3235184, 36864]
texture	textures/water/jrb_textures.0A000.rgba16.inc.c	2048	[3235184, 40960]
texture	textures/water/jrb_textures.0A800.rgba16.inc.c	4096	[3235184, 43008]
texture	textures/water/jrb_textures.0B800.rgba16.inc.c	4096	[3235184, 47104]
